{
  "controller_name": "dvl_p_altitude_hold",
  "target_distance": 5.0,
  "desired_altitude": 1.5,
  "current_y": 0.5,
  "repetition": 2,
  "target_reached": true,
  "timeout": false,
  "collision": false,
  "unsafe_altitude": false,
  "invalid_ping_failure": false,
  "runtime_seconds": 21.1401391,
  "elapsed_wall_clock_time_s": 26.6745849,
  "final_forward_progress": 4.964611053466797,
  "final_forward_error": 0.035388946533203125,
  "final_lateral_drift": 0.2738738930784166,
  "mean_altitude_error": 0.15852881904662125,
  "mean_abs_altitude_error": 0.17473456164983314,
  "rmse_altitude_error": 0.18474916258645918,
  "max_abs_altitude_error": 0.2366197109222412,
  "final_altitude_error": 0.17790508270263672,
  "min_altitude": 1.2633802890777588,
  "max_altitude": 1.6362433433532715,
  "time_inside_altitude_band_percent": 58.26771653543307,
  "time_below_safe_altitude_percent": 0.0,
  "vertical_command_mean_abs": 0.10487716401036981,
  "vertical_command_max_abs": 0.14197182655334473,
  "vertical_saturation_percent": 0.0,
  "notes": "",
  "stop_reason": "target_reached",
  "output_dir": "C:\\Users\\andrea.bedei3\\Desktop\\HoloMotion\\results\\step_03_altitude_hold\\20260515_135217\\target_5m_alt_1p5m_current_y_0p5_rep_02",
  "sample_count": 635,
  "altitude_tolerance": 0.2,
  "min_safe_altitude": 0.5,
  "kp_altitude": 0.6,
  "max_vertical_command": 0.8,
  "current_application_calls": 645,
  "mean_dt": 0.033344067981072555,
  "std_dt": 0.00010945445014323672
}
