{
  "controller_name": "dvl_p_altitude_hold",
  "target_distance": 5.0,
  "desired_altitude": 1.5,
  "current_y": 1.0,
  "repetition": 3,
  "target_reached": true,
  "timeout": false,
  "collision": false,
  "unsafe_altitude": false,
  "invalid_ping_failure": false,
  "runtime_seconds": 21.739273199999985,
  "elapsed_wall_clock_time_s": 27.308844399999998,
  "final_forward_progress": 5.009105682373047,
  "final_forward_error": -0.009105682373046875,
  "final_lateral_drift": 0.928338979370892,
  "mean_altitude_error": 0.1865944566624453,
  "mean_abs_altitude_error": 0.20123946429394288,
  "rmse_altitude_error": 0.21333201024386117,
  "max_abs_altitude_error": 0.26840031147003174,
  "final_altitude_error": 0.21805119514465332,
  "min_altitude": 1.2315996885299683,
  "max_altitude": 1.6347780227661133,
  "time_inside_altitude_band_percent": 30.01531393568147,
  "time_below_safe_altitude_percent": 0.0,
  "vertical_command_mean_abs": 0.12080483941212754,
  "vertical_command_max_abs": 0.16104018688201904,
  "vertical_saturation_percent": 0.0,
  "notes": "",
  "stop_reason": "target_reached",
  "output_dir": "C:\\Users\\andrea.bedei3\\Desktop\\HoloMotion\\results\\step_03_altitude_hold\\20260515_135217\\target_5m_alt_1p5m_current_y_1_rep_03",
  "sample_count": 653,
  "altitude_tolerance": 0.2,
  "min_safe_altitude": 0.5,
  "kp_altitude": 0.6,
  "max_vertical_command": 0.8,
  "current_application_calls": 663,
  "mean_dt": 0.033342443558282184,
  "std_dt": 9.920410424424599e-05
}
