{
  "target_distance_m": 5.0,
  "dvl_estimated_distance_m": 5.000625152887942,
  "pose_forward_displacement_m": 4.9759650230407715,
  "pose_ground_truth_displacement_m": 4.981907421030213,
  "longitudinal_error_m": -0.024034976959228516,
  "absolute_longitudinal_error_m": 0.024034976959228516,
  "signed_error_m": 0.024660129847170253,
  "absolute_distance_error_m": 0.024660129847170253,
  "percentage_error": 0.49558487113522054,
  "lateral_drift_m": 0.24325632816180587,
  "final_position_error_m": 0.2444408339623207,
  "duration_s": 14.070474199999992,
  "num_samples": 423,
  "stop_reason": "target_reached",
  "target_reached": true,
  "current_x": 0.0,
  "current_y": 0.5,
  "current_z": 0.0,
  "current_magnitude": 0.5,
  "current_application_mode": "every_step",
  "current_application_calls": 433,
  "desired_forward_velocity": 0.5,
  "desired_lateral_velocity": 0.0,
  "kp_forward": 20.0,
  "kp_lateral": 12.0,
  "max_forward_command": 2.0,
  "max_lateral_command": 2.0,
  "max_thruster_command": 2.0,
  "final_clipping_applied": true,
  "dvl_forward_index": 0,
  "dvl_forward_sign": 1.0,
  "dvl_lateral_index": 1,
  "dvl_lateral_sign": 1.0,
  "elapsed_wall_clock_time_s": 14.070569300000002,
  "time_source": "wall_clock",
  "dt_source": "wall_clock",
  "mean_dt": 0.0333423559241706,
  "std_dt": 0.00011979436429172004,
  "dt_fallback_count": 0,
  "initial_pose": {
    "x": 0.0,
    "y": 0.002058895770460367,
    "z": -4.0
  },
  "final_pose": {
    "x": 4.9759650230407715,
    "y": 0.24531522393226624,
    "z": -4.0
  },
  "average_dvl_speed_mps": 0.3553984806630003,
  "average_pose_speed": 0.3540681962964841,
  "average_pose_speed_mps": 0.3540681962964841,
  "mean_dvl_forward_velocity_mps": 0.35463940542649225,
  "max_dvl_forward_velocity_mps": 0.47115910053253174,
  "controller_type": "DVLVelocityTrackingController",
  "output_dir": "C:\\Users\\andrea.bedei3\\Desktop\\HoloMotion\\results\\step_02c_pi_compensation_comparison\\20260515_111553\\target_5m_current_y_0p5_rep_02_dvl_velocity_compensation",
  "distance_validation_warnings": [],
  "dvl_pose_sanity_check": {
    "dvl_estimated_distance_m": 5.000625152887942,
    "pose_forward_displacement_m": 4.9759650230407715,
    "lateral_drift_m": 0.24325632816180587,
    "lateral_drift_ratio": 0.04888626166691862,
    "opposite_signs": false,
    "warning": ""
  },
  "velocity_tracking_metric_sample_count": 422,
  "mean_forward_velocity_error": 0.14459747194105063,
  "std_forward_velocity_error": 0.07213153411860461,
  "mean_lateral_velocity_error": -0.015875370538864987,
  "std_lateral_velocity_error": 0.036624201371173046,
  "mean_abs_lateral_velocity_error": 0.03199214461313665,
  "max_abs_lateral_velocity_error": 0.14414642751216888,
  "mean_command_effort": 3.519270035534319,
  "max_command_effort": 3.9985970265659017,
  "target_distance": 5.0,
  "dvl_estimated_distance": 5.000625152887942,
  "pose_forward_displacement": 4.9759650230407715,
  "pose_euclidean_displacement": 4.981907421030213,
  "longitudinal_error": -0.024034976959228516,
  "absolute_longitudinal_error": 0.024034976959228516,
  "absolute_error": 0.024660129847170253,
  "lateral_drift": 0.24325632816180587,
  "final_position_error": 0.2444408339623207,
  "duration": 14.070474199999992,
  "sample_count": 423,
  "max_dvl_forward_velocity": 0.47115910053253174,
  "mean_dvl_forward_velocity": 0.35463940542649225
}
