{
  "controller_name": "dvl_p_altitude_hold",
  "target_distance": 20.0,
  "desired_altitude": 1.5,
  "current_y": 1.0,
  "repetition": 2,
  "target_reached": true,
  "timeout": false,
  "collision": false,
  "unsafe_altitude": false,
  "invalid_ping_failure": false,
  "runtime_seconds": 85.50597270000003,
  "elapsed_wall_clock_time_s": 91.00812250000013,
  "final_forward_progress": 19.82693862915039,
  "final_forward_error": 0.17306137084960938,
  "final_lateral_drift": 3.64264724124223,
  "mean_altitude_error": 0.02359995242447881,
  "mean_abs_altitude_error": 0.15096479693816187,
  "rmse_altitude_error": 0.16627099221426178,
  "max_abs_altitude_error": 0.26691269874572754,
  "final_altitude_error": 0.2155311107635498,
  "min_altitude": 1.2330873012542725,
  "max_altitude": 1.7126884460449219,
  "time_inside_altitude_band_percent": 71.11111111111111,
  "time_below_safe_altitude_percent": 0.0,
  "vertical_command_mean_abs": 0.09058266601956765,
  "vertical_command_max_abs": 0.1601476192474365,
  "vertical_saturation_percent": 0.0,
  "notes": "",
  "stop_reason": "target_reached",
  "output_dir": "C:\\Users\\andrea.bedei3\\Desktop\\HoloMotion\\results\\step_03_altitude_hold\\20260515_135217\\target_20m_alt_1p5m_current_y_1_rep_02",
  "sample_count": 2565,
  "altitude_tolerance": 0.2,
  "min_safe_altitude": 0.5,
  "kp_altitude": 0.6,
  "max_vertical_command": 0.8,
  "current_application_calls": 2575,
  "mean_dt": 0.03334866329953199,
  "std_dt": 0.00017547412047115018
}
