{
  "target_distance_m": 5.0,
  "dvl_estimated_distance_m": 5.011820558199441,
  "pose_forward_displacement_m": 5.019661903381348,
  "pose_ground_truth_displacement_m": 5.025320188351268,
  "longitudinal_error_m": 0.019661903381347656,
  "absolute_longitudinal_error_m": 0.019661903381347656,
  "signed_error_m": -0.007841345181907045,
  "absolute_distance_error_m": 0.007841345181907045,
  "percentage_error": 0.15621261616494436,
  "lateral_drift_m": 0.2384058958850801,
  "final_position_error_m": 0.23921530393631824,
  "duration_s": 14.203782999999998,
  "num_samples": 427,
  "stop_reason": "target_reached",
  "target_reached": true,
  "current_x": 0.0,
  "current_y": 0.5,
  "current_z": 0.0,
  "current_magnitude": 0.5,
  "current_application_mode": "every_step",
  "current_application_calls": 437,
  "desired_forward_velocity": 0.5,
  "desired_lateral_velocity": 0.0,
  "kp_forward": 20.0,
  "kp_lateral": 12.0,
  "max_forward_command": 2.0,
  "max_lateral_command": 2.0,
  "max_thruster_command": 2.0,
  "final_clipping_applied": true,
  "dvl_forward_index": 0,
  "dvl_forward_sign": 1.0,
  "dvl_lateral_index": 1,
  "dvl_lateral_sign": 1.0,
  "elapsed_wall_clock_time_s": 14.203906099999998,
  "time_source": "wall_clock",
  "dt_source": "wall_clock",
  "mean_dt": 0.03334221361502347,
  "std_dt": 8.81622749027636e-05,
  "dt_fallback_count": 0,
  "initial_pose": {
    "x": 0.0,
    "y": 0.002058895770460367,
    "z": -4.0
  },
  "final_pose": {
    "x": 5.019661903381348,
    "y": 0.24046479165554047,
    "z": -4.0
  },
  "average_dvl_speed_mps": 0.35285110721555246,
  "average_pose_speed": 0.35380153219401256,
  "average_pose_speed_mps": 0.35380153219401256,
  "mean_dvl_forward_velocity_mps": 0.3520307332041196,
  "max_dvl_forward_velocity_mps": 0.48105359077453613,
  "controller_type": "DVLVelocityTrackingController",
  "output_dir": "C:\\Users\\andrea.bedei3\\Desktop\\HoloMotion\\results\\step_02b_compensation_comparison\\20260515_103529\\target_5m_current_y_0p5_rep_01_dvl_velocity_compensation",
  "distance_validation_warnings": [],
  "dvl_pose_sanity_check": {
    "dvl_estimated_distance_m": 5.011820558199441,
    "pose_forward_displacement_m": 5.019661903381348,
    "lateral_drift_m": 0.2384058958850801,
    "lateral_drift_ratio": 0.04749441306484904,
    "opposite_signs": false,
    "warning": ""
  },
  "velocity_tracking_metric_sample_count": 426,
  "mean_forward_velocity_error": 0.1471570338958223,
  "std_forward_velocity_error": 0.0720523918586994,
  "mean_lateral_velocity_error": -0.01672419569755613,
  "std_lateral_velocity_error": 0.03807643489963278,
  "mean_abs_lateral_velocity_error": 0.03386367194910453,
  "max_abs_lateral_velocity_error": 0.11818327754735947,
  "mean_command_effort": 3.5097530196753826,
  "max_command_effort": 3.999946079787696,
  "target_distance": 5.0,
  "dvl_estimated_distance": 5.011820558199441,
  "pose_forward_displacement": 5.019661903381348,
  "pose_euclidean_displacement": 5.025320188351268,
  "longitudinal_error": 0.019661903381347656,
  "absolute_longitudinal_error": 0.019661903381347656,
  "absolute_error": 0.007841345181907045,
  "lateral_drift": 0.2384058958850801,
  "final_position_error": 0.23921530393631824,
  "duration": 14.203782999999998,
  "sample_count": 427,
  "max_dvl_forward_velocity": 0.48105359077453613,
  "mean_dvl_forward_velocity": 0.3520307332041196
}
