{
  "target_distance_m": 10.0,
  "dvl_estimated_distance_m": 10.006649780879624,
  "pose_forward_displacement_m": 9.923368453979492,
  "pose_ground_truth_displacement_m": 10.099527885857388,
  "longitudinal_error_m": -0.07663154602050781,
  "absolute_longitudinal_error_m": 0.07663154602050781,
  "signed_error_m": 0.08328132690013135,
  "absolute_distance_error_m": 0.08328132690013135,
  "percentage_error": 0.8392445295804135,
  "lateral_drift_m": 1.8780899988487363,
  "final_position_error_m": 1.8796527438921105,
  "duration_s": 42.914806,
  "num_samples": 1288,
  "stop_reason": "target_reached",
  "target_reached": true,
  "current_x": 0.0,
  "current_y": 1.0,
  "current_z": 0.0,
  "current_magnitude": 1.0,
  "current_application_mode": "every_step",
  "current_application_calls": 1298,
  "desired_forward_velocity": 0.3,
  "desired_lateral_velocity": 0.0,
  "kp_forward": 20.0,
  "kp_lateral": 12.0,
  "max_forward_command": 2.0,
  "max_lateral_command": 2.0,
  "max_thruster_command": 2.0,
  "final_clipping_applied": true,
  "dvl_forward_index": 0,
  "dvl_forward_sign": 1.0,
  "dvl_lateral_index": 1,
  "dvl_lateral_sign": 1.0,
  "elapsed_wall_clock_time_s": 42.91490190000002,
  "time_source": "wall_clock",
  "dt_source": "wall_clock",
  "mean_dt": 0.0333448376068376,
  "std_dt": 0.00011466360935284388,
  "dt_fallback_count": 0,
  "initial_pose": {
    "x": 0.0,
    "y": 0.008119369857013226,
    "z": -4.0
  },
  "final_pose": {
    "x": 9.923368453979492,
    "y": 1.8862093687057495,
    "z": -4.0
  },
  "average_dvl_speed_mps": 0.23317476445960456,
  "average_pose_speed": 0.23533900831003146,
  "average_pose_speed_mps": 0.23533900831003146,
  "mean_dvl_forward_velocity_mps": 0.2330163822202764,
  "max_dvl_forward_velocity_mps": 0.33764326572418213,
  "controller_type": "DVLVelocityTrackingController",
  "output_dir": "C:\\Users\\andrea.bedei3\\Desktop\\HoloMotion\\results\\step_02b_compensation_comparison\\20260514_114031\\target_10m_current_y_1_rep_01_dvl_velocity_compensation",
  "distance_validation_warnings": [],
  "dvl_pose_sanity_check": {
    "dvl_estimated_distance_m": 10.006649780879624,
    "pose_forward_displacement_m": 9.923368453979492,
    "lateral_drift_m": 1.8780899988487363,
    "lateral_drift_ratio": 0.18925932333950377,
    "opposite_signs": false,
    "warning": ""
  },
  "velocity_tracking_metric_sample_count": 1287,
  "mean_forward_velocity_error": 0.0668291553131304,
  "std_forward_velocity_error": 0.041303156000779974,
  "mean_lateral_velocity_error": -0.04171646460027322,
  "std_lateral_velocity_error": 0.037838145432509865,
  "mean_abs_lateral_velocity_error": 0.04653233349209899,
  "max_abs_lateral_velocity_error": 0.16484160721302032,
  "mean_command_effort": 2.6537255266495836,
  "max_command_effort": 3.9994624625934887,
  "target_distance": 10.0,
  "dvl_estimated_distance": 10.006649780879624,
  "pose_forward_displacement": 9.923368453979492,
  "pose_euclidean_displacement": 10.099527885857388,
  "longitudinal_error": -0.07663154602050781,
  "absolute_longitudinal_error": 0.07663154602050781,
  "absolute_error": 0.08328132690013135,
  "lateral_drift": 1.8780899988487363,
  "final_position_error": 1.8796527438921105,
  "duration": 42.914806,
  "sample_count": 1288,
  "max_dvl_forward_velocity": 0.33764326572418213,
  "mean_dvl_forward_velocity": 0.2330163822202764
}
