{
  "controller_name": "dvl_p_altitude_hold",
  "target_distance": 5.0,
  "desired_altitude": 1.5,
  "current_y": 0.5,
  "repetition": 1,
  "target_reached": true,
  "timeout": false,
  "collision": false,
  "unsafe_altitude": false,
  "invalid_ping_failure": false,
  "runtime_seconds": 21.172857199999996,
  "elapsed_wall_clock_time_s": 26.727986299999998,
  "final_forward_progress": 4.997429847717285,
  "final_forward_error": 0.0025701522827148438,
  "final_lateral_drift": 0.24215508764609694,
  "mean_altitude_error": 0.15819627777585443,
  "mean_abs_altitude_error": 0.17514781850688863,
  "rmse_altitude_error": 0.18552668380599102,
  "max_abs_altitude_error": 0.23696672916412354,
  "final_altitude_error": 0.1767808198928833,
  "min_altitude": 1.2630332708358765,
  "max_altitude": 1.6362433433532715,
  "time_inside_altitude_band_percent": 55.9748427672956,
  "time_below_safe_altitude_percent": 0.0,
  "vertical_command_mean_abs": 0.10512545123813659,
  "vertical_command_max_abs": 0.1421800374984741,
  "vertical_saturation_percent": 0.0,
  "notes": "",
  "stop_reason": "target_reached",
  "output_dir": "C:\\Users\\andrea.bedei3\\Desktop\\HoloMotion\\results\\step_03_altitude_hold\\20260515_135217\\target_5m_alt_1p5m_current_y_0p5_rep_01",
  "sample_count": 636,
  "altitude_tolerance": 0.2,
  "min_safe_altitude": 0.5,
  "kp_altitude": 0.6,
  "max_vertical_command": 0.8,
  "current_application_calls": 646,
  "mean_dt": 0.0333430822047244,
  "std_dt": 0.00010791236112381312
}
