{
  "target_distance_m": 10.0,
  "dvl_estimated_distance_m": 10.00363505281712,
  "pose_forward_displacement_m": 10.010847091674805,
  "pose_ground_truth_displacement_m": 10.019571210688968,
  "longitudinal_error_m": 0.010847091674804688,
  "absolute_longitudinal_error_m": 0.010847091674804688,
  "signed_error_m": -0.007212038857684178,
  "absolute_distance_error_m": 0.007212038857684178,
  "percentage_error": 0.07204224369466032,
  "lateral_drift_m": 0.41802841192111373,
  "final_position_error_m": 0.4181691195809298,
  "duration_s": 27.44111859999998,
  "num_samples": 824,
  "stop_reason": "target_reached",
  "target_reached": true,
  "current_x": 0.0,
  "current_y": 0.5,
  "current_z": 0.0,
  "current_magnitude": 0.5,
  "current_application_mode": "every_step",
  "current_application_calls": 834,
  "desired_forward_velocity": 0.5,
  "desired_lateral_velocity": 0.0,
  "kp_forward": 20.0,
  "kp_lateral": 12.0,
  "max_forward_command": 2.0,
  "max_lateral_command": 2.0,
  "max_thruster_command": 2.0,
  "final_clipping_applied": true,
  "dvl_forward_index": 0,
  "dvl_forward_sign": 1.0,
  "dvl_lateral_index": 1,
  "dvl_lateral_sign": 1.0,
  "elapsed_wall_clock_time_s": 27.441202599999997,
  "time_source": "wall_clock",
  "dt_source": "wall_clock",
  "mean_dt": 0.033342792952612374,
  "std_dt": 0.00010858555361593535,
  "dt_fallback_count": 0,
  "initial_pose": {
    "x": 0.0,
    "y": 0.002058895770460367,
    "z": -4.0
  },
  "final_pose": {
    "x": 10.010847091674805,
    "y": 0.4200873076915741,
    "z": -4.0
  },
  "average_dvl_speed_mps": 0.364549098695165,
  "average_pose_speed": 0.36512983879195704,
  "average_pose_speed_mps": 0.36512983879195704,
  "mean_dvl_forward_velocity_mps": 0.36409360235297006,
  "max_dvl_forward_velocity_mps": 0.4926806688308716,
  "controller_type": "DVLVelocityTrackingController",
  "output_dir": "C:\\Users\\andrea.bedei3\\Desktop\\HoloMotion\\results\\step_02b_compensation_comparison\\20260515_103529\\target_10m_current_y_0p5_rep_02_dvl_velocity_compensation",
  "distance_validation_warnings": [],
  "dvl_pose_sanity_check": {
    "dvl_estimated_distance_m": 10.00363505281712,
    "pose_forward_displacement_m": 10.010847091674805,
    "lateral_drift_m": 0.41802841192111373,
    "lateral_drift_ratio": 0.04175754639872119,
    "opposite_signs": false,
    "warning": ""
  },
  "velocity_tracking_metric_sample_count": 823,
  "mean_forward_velocity_error": 0.13544504302989505,
  "std_forward_velocity_error": 0.058937359013590325,
  "mean_lateral_velocity_error": -0.017668903463018377,
  "std_lateral_velocity_error": 0.03669202695932203,
  "mean_abs_lateral_velocity_error": 0.03228689052682907,
  "max_abs_lateral_velocity_error": 0.13742218911647797,
  "mean_command_effort": 3.5225850359254713,
  "max_command_effort": 3.999032060264578,
  "target_distance": 10.0,
  "dvl_estimated_distance": 10.00363505281712,
  "pose_forward_displacement": 10.010847091674805,
  "pose_euclidean_displacement": 10.019571210688968,
  "longitudinal_error": 0.010847091674804688,
  "absolute_longitudinal_error": 0.010847091674804688,
  "absolute_error": 0.007212038857684178,
  "lateral_drift": 0.41802841192111373,
  "final_position_error": 0.4181691195809298,
  "duration": 27.44111859999998,
  "sample_count": 824,
  "max_dvl_forward_velocity": 0.4926806688308716,
  "mean_dvl_forward_velocity": 0.36409360235297006
}
