{
  "target_distance_m": 10.0,
  "dvl_estimated_distance_m": 10.00436621418731,
  "pose_forward_displacement_m": 9.991372108459473,
  "pose_ground_truth_displacement_m": 10.002359195371897,
  "longitudinal_error_m": -0.008627891540527344,
  "absolute_longitudinal_error_m": 0.008627891540527344,
  "signed_error_m": 0.01299410572783799,
  "absolute_distance_error_m": 0.01299410572783799,
  "percentage_error": 0.13005326582558335,
  "lateral_drift_m": 0.4686927176080644,
  "final_position_error_m": 0.4687721237992591,
  "duration_s": 27.373917000000006,
  "num_samples": 822,
  "stop_reason": "target_reached",
  "target_reached": true,
  "current_x": 0.0,
  "current_y": 0.5,
  "current_z": 0.0,
  "current_magnitude": 0.5,
  "current_application_mode": "every_step",
  "current_application_calls": 832,
  "desired_forward_velocity": 0.5,
  "desired_lateral_velocity": 0.0,
  "kp_forward": 20.0,
  "kp_lateral": 12.0,
  "max_forward_command": 2.0,
  "max_lateral_command": 2.0,
  "max_thruster_command": 2.0,
  "final_clipping_applied": true,
  "dvl_forward_index": 0,
  "dvl_forward_sign": 1.0,
  "dvl_lateral_index": 1,
  "dvl_lateral_sign": 1.0,
  "elapsed_wall_clock_time_s": 27.374042200000076,
  "time_source": "wall_clock",
  "dt_source": "wall_clock",
  "mean_dt": 0.033342164433617545,
  "std_dt": 0.00010859149154504978,
  "dt_fallback_count": 0,
  "initial_pose": {
    "x": 0.0,
    "y": 0.002058895770460367,
    "z": -4.0
  },
  "final_pose": {
    "x": 9.991372108459473,
    "y": 0.4707516133785248,
    "z": -4.0
  },
  "average_dvl_speed_mps": 0.3654707586856243,
  "average_pose_speed": 0.3653974400292035,
  "average_pose_speed_mps": 0.3653974400292035,
  "mean_dvl_forward_velocity_mps": 0.36496205026637357,
  "max_dvl_forward_velocity_mps": 0.48777127265930176,
  "controller_type": "DVLVelocityTrackingController",
  "output_dir": "C:\\Users\\andrea.bedei3\\Desktop\\HoloMotion\\results\\step_02c_pi_compensation_comparison\\20260515_111553\\target_10m_current_y_0p5_rep_01_dvl_velocity_compensation",
  "distance_validation_warnings": [],
  "dvl_pose_sanity_check": {
    "dvl_estimated_distance_m": 10.00436621418731,
    "pose_forward_displacement_m": 9.991372108459473,
    "lateral_drift_m": 0.4686927176080644,
    "lateral_drift_ratio": 0.04690974497999456,
    "opposite_signs": false,
    "warning": ""
  },
  "velocity_tracking_metric_sample_count": 821,
  "mean_forward_velocity_error": 0.13453129502796046,
  "std_forward_velocity_error": 0.05782993333284298,
  "mean_lateral_velocity_error": -0.01622361322608521,
  "std_lateral_velocity_error": 0.03648294695901647,
  "mean_abs_lateral_velocity_error": 0.0321710414415391,
  "max_abs_lateral_velocity_error": 0.14577902853488922,
  "mean_command_effort": 3.519504732395759,
  "max_command_effort": 3.9953401943747084,
  "target_distance": 10.0,
  "dvl_estimated_distance": 10.00436621418731,
  "pose_forward_displacement": 9.991372108459473,
  "pose_euclidean_displacement": 10.002359195371897,
  "longitudinal_error": -0.008627891540527344,
  "absolute_longitudinal_error": 0.008627891540527344,
  "absolute_error": 0.01299410572783799,
  "lateral_drift": 0.4686927176080644,
  "final_position_error": 0.4687721237992591,
  "duration": 27.373917000000006,
  "sample_count": 822,
  "max_dvl_forward_velocity": 0.48777127265930176,
  "mean_dvl_forward_velocity": 0.36496205026637357
}
