{
  "target_distance_m": 10.0,
  "dvl_estimated_distance_m": 10.01041451566688,
  "pose_forward_displacement_m": 10.01906681060791,
  "pose_ground_truth_displacement_m": 10.026609903998228,
  "longitudinal_error_m": 0.019066810607910156,
  "absolute_longitudinal_error_m": 0.019066810607910156,
  "signed_error_m": -0.008652294941029481,
  "absolute_distance_error_m": 0.008652294941029481,
  "percentage_error": 0.08635829169108515,
  "lateral_drift_m": 0.38885268615558743,
  "final_position_error_m": 0.38931986180668166,
  "duration_s": 23.5402335,
  "num_samples": 707,
  "stop_reason": "target_reached",
  "target_reached": true,
  "forward_command": 2.0,
  "forward_command_vector": [
    0.0,
    0.0,
    0.0,
    0.0,
    2.0,
    2.0,
    2.0,
    2.0
  ],
  "old_forward_command_default": 12.0,
  "new_forward_command_default": 2.0,
  "dvl_forward_index": 0,
  "dvl_forward_sign": 1.0,
  "warmup_ticks": 10,
  "elapsed_wall_clock_time_s": 23.540336300000035,
  "time_source": "wall_clock",
  "dt_source": "wall_clock",
  "mean_dt": 0.03334310694050992,
  "std_dt": 0.00010035136582687657,
  "dt_fallback_count": 0,
  "speed_warning_threshold_mps": 1.0,
  "max_dvl_speed_warning_threshold_mps": 1.5,
  "mean_dvl_forward_velocity_mps": 0.4246563237493718,
  "max_dvl_forward_velocity_mps": 0.5606070756912231,
  "average_dvl_speed_mps": 0.42524703570450484,
  "average_pose_speed_mps": 0.4259350232867583,
  "mean_speed_mps": 0.4259350232867583,
  "initial_pose": {
    "x": 0.0,
    "y": 0.0005184407345950603,
    "z": -4.0
  },
  "final_pose": {
    "x": 10.01906681060791,
    "y": 0.3893711268901825,
    "z": -4.0
  },
  "distance_validation_warnings": [],
  "diagnostic_distance_check": false,
  "experiment_label": "Step 2 current-distance grid",
  "current_x": 0.0,
  "current_y": 0.25,
  "current_z": 0.0,
  "current_magnitude": 0.25,
  "current_api_method": "env.set_ocean_currents(agent_name, velocity)",
  "current_application_mode": "every_step",
  "current_application_calls": 717,
  "final_lateral_offset": 0.38885268615558743,
  "summary_title": "Step 2 current-distance grid run summary",
  "output_dir": "C:\\Users\\andrea.bedei3\\Desktop\\HoloMotion\\results\\step_02_current_distance_grid\\20260514_101153\\target_10m_current_x_0_y_0p25_z_0_rep_03",
  "dvl_pose_sanity_check": {
    "dvl_estimated_distance_m": 10.01041451566688,
    "pose_forward_displacement_m": 10.01906681060791,
    "lateral_drift_m": 0.38885268615558743,
    "lateral_drift_ratio": 0.0388112679060969,
    "opposite_signs": false,
    "warning": ""
  },
  "current_warning": "",
  "target_distance": 10.0,
  "dvl_estimated_distance": 10.01041451566688,
  "pose_forward_displacement": 10.01906681060791,
  "pose_euclidean_displacement": 10.026609903998228,
  "longitudinal_error": 0.019066810607910156,
  "absolute_longitudinal_error": 0.019066810607910156,
  "absolute_error": 0.008652294941029481,
  "lateral_drift": 0.38885268615558743,
  "final_position_error": 0.38931986180668166,
  "duration": 23.5402335,
  "sample_count": 707,
  "average_pose_speed": 0.4259350232867583,
  "max_dvl_forward_velocity": 0.5606070756912231,
  "mean_dvl_forward_velocity": 0.4246563237493718
}
