{
  "target_distance_m": 20.0,
  "dvl_estimated_distance_m": 20.003046075029175,
  "pose_forward_displacement_m": 20.074522018432617,
  "pose_ground_truth_displacement_m": 20.37563690027853,
  "longitudinal_error_m": 0.07452201843261719,
  "absolute_longitudinal_error_m": 0.07452201843261719,
  "signed_error_m": -0.07147594340344199,
  "absolute_distance_error_m": 0.07147594340344199,
  "percentage_error": 0.3560530275032805,
  "lateral_drift_m": 3.4900064216926694,
  "final_position_error_m": 3.4908019644040738,
  "duration_s": 60.38510980000001,
  "num_samples": 1812,
  "stop_reason": "target_reached",
  "target_reached": true,
  "current_x": 0.0,
  "current_y": 1.0,
  "current_z": 0.0,
  "current_magnitude": 1.0,
  "current_application_mode": "every_step",
  "current_application_calls": 1822,
  "desired_forward_velocity": 0.5,
  "desired_lateral_velocity": 0.0,
  "kp_forward": 20.0,
  "kp_lateral": 12.0,
  "max_forward_command": 2.0,
  "max_lateral_command": 2.0,
  "max_thruster_command": 2.0,
  "final_clipping_applied": true,
  "dvl_forward_index": 0,
  "dvl_forward_sign": 1.0,
  "dvl_lateral_index": 1,
  "dvl_lateral_sign": 1.0,
  "elapsed_wall_clock_time_s": 60.385207100000116,
  "time_source": "wall_clock",
  "dt_source": "wall_clock",
  "mean_dt": 0.03334351728326892,
  "std_dt": 0.00010133304104002934,
  "dt_fallback_count": 0,
  "initial_pose": {
    "x": 0.0,
    "y": 0.008119369857013226,
    "z": -4.0
  },
  "final_pose": {
    "x": 20.074522018432617,
    "y": 3.4981257915496826,
    "z": -4.0
  },
  "average_dvl_speed_mps": 0.3312579233735064,
  "average_pose_speed": 0.33742816677429516,
  "average_pose_speed_mps": 0.33742816677429516,
  "mean_dvl_forward_velocity_mps": 0.3310963589018087,
  "max_dvl_forward_velocity_mps": 0.46512371301651,
  "controller_type": "DVLVelocityTrackingController",
  "output_dir": "C:\\Users\\andrea.bedei3\\Desktop\\HoloMotion\\results\\step_02c_pi_compensation_comparison\\20260515_111553\\target_20m_current_y_1_rep_02_dvl_velocity_compensation",
  "distance_validation_warnings": [],
  "dvl_pose_sanity_check": {
    "dvl_estimated_distance_m": 20.003046075029175,
    "pose_forward_displacement_m": 20.074522018432617,
    "lateral_drift_m": 3.4900064216926694,
    "lateral_drift_ratio": 0.17385252901603895,
    "opposite_signs": false,
    "warning": ""
  },
  "velocity_tracking_metric_sample_count": 1811,
  "mean_forward_velocity_error": 0.16874145484369502,
  "std_forward_velocity_error": 0.04633884427645573,
  "mean_lateral_velocity_error": -0.05806901522575049,
  "std_lateral_velocity_error": 0.03760464892231384,
  "mean_abs_lateral_velocity_error": 0.06016728153672762,
  "max_abs_lateral_velocity_error": 0.190958172082901,
  "mean_command_effort": 3.384006416502496,
  "max_command_effort": 3.999729259743325,
  "target_distance": 20.0,
  "dvl_estimated_distance": 20.003046075029175,
  "pose_forward_displacement": 20.074522018432617,
  "pose_euclidean_displacement": 20.37563690027853,
  "longitudinal_error": 0.07452201843261719,
  "absolute_longitudinal_error": 0.07452201843261719,
  "absolute_error": 0.07147594340344199,
  "lateral_drift": 3.4900064216926694,
  "final_position_error": 3.4908019644040738,
  "duration": 60.38510980000001,
  "sample_count": 1812,
  "max_dvl_forward_velocity": 0.46512371301651,
  "mean_dvl_forward_velocity": 0.3310963589018087
}
