{
  "controller_name": "dvl_p_altitude_hold",
  "target_distance": 10.0,
  "desired_altitude": 1.5,
  "current_y": 1.0,
  "repetition": 2,
  "target_reached": true,
  "timeout": false,
  "collision": false,
  "unsafe_altitude": false,
  "invalid_ping_failure": false,
  "runtime_seconds": 42.989379299999996,
  "elapsed_wall_clock_time_s": 48.47108099999991,
  "final_forward_progress": 9.969762802124023,
  "final_forward_error": 0.030237197875976562,
  "final_lateral_drift": 1.9105752455070615,
  "mean_altitude_error": 0.14882728138635326,
  "mean_abs_altitude_error": 0.15784700554470682,
  "rmse_altitude_error": 0.17810835224147467,
  "max_abs_altitude_error": 0.26452386379241943,
  "final_altitude_error": -0.03776443004608154,
  "min_altitude": 1.2354761362075806,
  "max_altitude": 1.6347780227661133,
  "time_inside_altitude_band_percent": 57.906976744186046,
  "time_below_safe_altitude_percent": 0.0,
  "vertical_command_mean_abs": 0.09471894141035175,
  "vertical_command_max_abs": 0.15871431827545165,
  "vertical_saturation_percent": 0.0,
  "notes": "",
  "stop_reason": "target_reached",
  "output_dir": "C:\\Users\\andrea.bedei3\\Desktop\\HoloMotion\\results\\step_03_altitude_hold\\20260515_135217\\target_10m_alt_1p5m_current_y_1_rep_02",
  "sample_count": 1290,
  "altitude_tolerance": 0.2,
  "min_safe_altitude": 0.5,
  "kp_altitude": 0.6,
  "max_vertical_command": 0.8,
  "current_application_calls": 1300,
  "mean_dt": 0.03335095368502715,
  "std_dt": 0.00022131842360377217
}
