{
  "target_distance_m": 20.0,
  "dvl_estimated_distance_m": 20.01064073163521,
  "pose_forward_displacement_m": 20.022293090820312,
  "pose_ground_truth_displacement_m": 20.326241943393075,
  "longitudinal_error_m": 0.0222930908203125,
  "absolute_longitudinal_error_m": 0.0222930908203125,
  "signed_error_m": -0.011652359185102767,
  "absolute_distance_error_m": 0.011652359185102767,
  "percentage_error": 0.058196926457165205,
  "lateral_drift_m": 3.5019838558509946,
  "final_position_error_m": 3.502054812326518,
  "duration_s": 60.14966879999997,
  "num_samples": 1805,
  "stop_reason": "target_reached",
  "target_reached": true,
  "current_x": 0.0,
  "current_y": 1.0,
  "current_z": 0.0,
  "current_magnitude": 1.0,
  "current_application_mode": "every_step",
  "current_application_calls": 1815,
  "desired_forward_velocity": 0.5,
  "desired_lateral_velocity": 0.0,
  "kp_forward": 20.0,
  "kp_lateral": 12.0,
  "max_forward_command": 2.0,
  "max_lateral_command": 2.0,
  "max_thruster_command": 2.0,
  "final_clipping_applied": true,
  "dvl_forward_index": 0,
  "dvl_forward_sign": 1.0,
  "dvl_lateral_index": 1,
  "dvl_lateral_sign": 1.0,
  "elapsed_wall_clock_time_s": 60.149788299999955,
  "time_source": "wall_clock",
  "dt_source": "wall_clock",
  "mean_dt": 0.0333423884700665,
  "std_dt": 0.00010966768387597338,
  "dt_fallback_count": 0,
  "initial_pose": {
    "x": 0.0,
    "y": 0.008119369857013226,
    "z": -4.0
  },
  "final_pose": {
    "x": 20.022293090820312,
    "y": 3.510103225708008,
    "z": -4.0
  },
  "average_dvl_speed_mps": 0.33268081322561194,
  "average_pose_speed": 0.33792774505506645,
  "average_pose_speed_mps": 0.33792774505506645,
  "mean_dvl_forward_velocity_mps": 0.33248121103870365,
  "max_dvl_forward_velocity_mps": 0.4745611846446991,
  "controller_type": "DVLVelocityTrackingController",
  "output_dir": "C:\\Users\\andrea.bedei3\\Desktop\\HoloMotion\\results\\step_02b_compensation_comparison\\20260515_103529\\target_20m_current_y_1_rep_01_dvl_velocity_compensation",
  "distance_validation_warnings": [],
  "dvl_pose_sanity_check": {
    "dvl_estimated_distance_m": 20.01064073163521,
    "pose_forward_displacement_m": 20.022293090820312,
    "lateral_drift_m": 3.5019838558509946,
    "lateral_drift_ratio": 0.17490423499277216,
    "opposite_signs": false,
    "warning": ""
  },
  "velocity_tracking_metric_sample_count": 1804,
  "mean_forward_velocity_error": 0.1673214903688306,
  "std_forward_velocity_error": 0.045931969146615466,
  "mean_lateral_velocity_error": -0.05761207667106211,
  "std_lateral_velocity_error": 0.03641734341412465,
  "mean_abs_lateral_velocity_error": 0.05959676134054518,
  "max_abs_lateral_velocity_error": 0.1746141016483307,
  "mean_command_effort": 3.3847698059051297,
  "max_command_effort": 3.9991618813723875,
  "target_distance": 20.0,
  "dvl_estimated_distance": 20.01064073163521,
  "pose_forward_displacement": 20.022293090820312,
  "pose_euclidean_displacement": 20.326241943393075,
  "longitudinal_error": 0.0222930908203125,
  "absolute_longitudinal_error": 0.0222930908203125,
  "absolute_error": 0.011652359185102767,
  "lateral_drift": 3.5019838558509946,
  "final_position_error": 3.502054812326518,
  "duration": 60.14966879999997,
  "sample_count": 1805,
  "max_dvl_forward_velocity": 0.4745611846446991,
  "mean_dvl_forward_velocity": 0.33248121103870365
}
