{
  "target_distance_m": 20.0,
  "dvl_estimated_distance_m": 14.324405562859608,
  "pose_forward_displacement_m": 14.38217544555664,
  "pose_ground_truth_displacement_m": 14.39983380559183,
  "longitudinal_error_m": -5.617824554443359,
  "absolute_longitudinal_error_m": 5.617824554443359,
  "signed_error_m": -0.057769882697032315,
  "absolute_distance_error_m": 0.057769882697032315,
  "percentage_error": 0.401676943211538,
  "lateral_drift_m": 0.7129116929136217,
  "final_position_error_m": 5.6628787561098015,
  "duration_s": 60.01856879999991,
  "num_samples": 1801,
  "stop_reason": "timeout",
  "target_reached": false,
  "current_x": 0.0,
  "current_y": 0.5,
  "current_z": 0.0,
  "current_magnitude": 0.5,
  "current_application_mode": "every_step",
  "current_application_calls": 1811,
  "desired_forward_velocity": 0.3,
  "desired_lateral_velocity": 0.0,
  "kp_forward": 20.0,
  "kp_lateral": 12.0,
  "max_forward_command": 2.0,
  "max_lateral_command": 2.0,
  "max_thruster_command": 2.0,
  "final_clipping_applied": true,
  "dvl_forward_index": 0,
  "dvl_forward_sign": 1.0,
  "dvl_lateral_index": 1,
  "dvl_lateral_sign": 1.0,
  "elapsed_wall_clock_time_s": 60.01866959999984,
  "time_source": "wall_clock",
  "dt_source": "wall_clock",
  "mean_dt": 0.03334364933333329,
  "std_dt": 0.00010801334968875014,
  "dt_fallback_count": 0,
  "initial_pose": {
    "x": 0.0,
    "y": 0.002058895770460367,
    "z": -4.0
  },
  "final_pose": {
    "x": 14.38217544555664,
    "y": 0.714970588684082,
    "z": -4.0
  },
  "average_dvl_speed_mps": 0.2386662302893772,
  "average_pose_speed": 0.23992297872974025,
  "average_pose_speed_mps": 0.23992297872974025,
  "mean_dvl_forward_velocity_mps": 0.23854100210116405,
  "max_dvl_forward_velocity_mps": 0.38858065009117126,
  "controller_type": "DVLVelocityTrackingController",
  "output_dir": "C:\\Users\\andrea.bedei3\\Desktop\\HoloMotion\\results\\step_02b_compensation_comparison\\20260514_114031\\target_20m_current_y_0p5_rep_01_dvl_velocity_compensation",
  "distance_validation_warnings": [],
  "dvl_pose_sanity_check": {
    "dvl_estimated_distance_m": 14.324405562859608,
    "pose_forward_displacement_m": 14.38217544555664,
    "lateral_drift_m": 0.7129116929136217,
    "lateral_drift_ratio": 0.049569113908555125,
    "opposite_signs": false,
    "warning": ""
  },
  "velocity_tracking_metric_sample_count": 1800,
  "mean_forward_velocity_error": 0.06133388526867042,
  "std_forward_velocity_error": 0.03983644663409322,
  "mean_lateral_velocity_error": -0.011508175296125956,
  "std_lateral_velocity_error": 0.037406519595170336,
  "mean_abs_lateral_velocity_error": 0.031298465260484694,
  "max_abs_lateral_velocity_error": 0.1860397756099701,
  "mean_command_effort": 2.470766310031214,
  "max_command_effort": 3.9975605307441704,
  "target_distance": 20.0,
  "dvl_estimated_distance": 14.324405562859608,
  "pose_forward_displacement": 14.38217544555664,
  "pose_euclidean_displacement": 14.39983380559183,
  "longitudinal_error": -5.617824554443359,
  "absolute_longitudinal_error": 5.617824554443359,
  "absolute_error": 0.057769882697032315,
  "lateral_drift": 0.7129116929136217,
  "final_position_error": 5.6628787561098015,
  "duration": 60.01856879999991,
  "sample_count": 1801,
  "max_dvl_forward_velocity": 0.38858065009117126,
  "mean_dvl_forward_velocity": 0.23854100210116405
}
