{
  "target_distance_m": 5.0,
  "dvl_estimated_distance_m": 5.001039840757533,
  "pose_forward_displacement_m": 5.002562046051025,
  "pose_ground_truth_displacement_m": 5.007028194836472,
  "longitudinal_error_m": 0.0025620460510253906,
  "absolute_longitudinal_error_m": 0.0025620460510253906,
  "signed_error_m": -0.0015222052934920072,
  "absolute_distance_error_m": 0.0015222052934920072,
  "percentage_error": 0.03042851401900395,
  "lateral_drift_m": 0.21143395965918899,
  "final_position_error_m": 0.21144948185590604,
  "duration_s": 21.21218110000001,
  "num_samples": 637,
  "stop_reason": "target_reached",
  "target_reached": true,
  "current_x": 0.0,
  "current_y": 0.5,
  "current_z": 0.0,
  "current_magnitude": 0.5,
  "current_application_mode": "every_step",
  "current_application_calls": 647,
  "desired_forward_velocity": 0.3,
  "desired_lateral_velocity": 0.0,
  "kp_forward": 20.0,
  "kp_lateral": 12.0,
  "max_forward_command": 2.0,
  "max_lateral_command": 2.0,
  "max_thruster_command": 2.0,
  "final_clipping_applied": true,
  "dvl_forward_index": 0,
  "dvl_forward_sign": 1.0,
  "dvl_lateral_index": 1,
  "dvl_lateral_sign": 1.0,
  "elapsed_wall_clock_time_s": 21.212303899999995,
  "time_source": "wall_clock",
  "dt_source": "wall_clock",
  "mean_dt": 0.033352486006289324,
  "std_dt": 0.00018337069753121432,
  "dt_fallback_count": 0,
  "initial_pose": {
    "x": 0.0,
    "y": 0.002058895770460367,
    "z": -4.0
  },
  "final_pose": {
    "x": 5.002562046051025,
    "y": 0.21349285542964935,
    "z": -4.0
  },
  "average_dvl_speed_mps": 0.23576264115327258,
  "average_pose_speed": 0.23604494847710264,
  "average_pose_speed_mps": 0.23604494847710264,
  "mean_dvl_forward_velocity_mps": 0.23531822437709973,
  "max_dvl_forward_velocity_mps": 0.3769093453884125,
  "controller_type": "DVLVelocityTrackingController",
  "output_dir": "C:\\Users\\andrea.bedei3\\Desktop\\HoloMotion\\results\\step_02b_compensation_comparison\\20260514_114031\\target_5m_current_y_0p5_rep_02_dvl_velocity_compensation",
  "distance_validation_warnings": [],
  "dvl_pose_sanity_check": {
    "dvl_estimated_distance_m": 5.001039840757533,
    "pose_forward_displacement_m": 5.002562046051025,
    "lateral_drift_m": 0.21143395965918899,
    "lateral_drift_ratio": 0.04226513488745091,
    "opposite_signs": false,
    "warning": ""
  },
  "velocity_tracking_metric_sample_count": 636,
  "mean_forward_velocity_error": 0.06424637054673062,
  "std_forward_velocity_error": 0.044728177780785826,
  "mean_lateral_velocity_error": -0.013495478110837738,
  "std_lateral_velocity_error": 0.03588801906862306,
  "mean_abs_lateral_velocity_error": 0.03078445808658748,
  "max_abs_lateral_velocity_error": 0.12686605751514435,
  "mean_command_effort": 2.4841860269218308,
  "max_command_effort": 3.990299513708971,
  "target_distance": 5.0,
  "dvl_estimated_distance": 5.001039840757533,
  "pose_forward_displacement": 5.002562046051025,
  "pose_euclidean_displacement": 5.007028194836472,
  "longitudinal_error": 0.0025620460510253906,
  "absolute_longitudinal_error": 0.0025620460510253906,
  "absolute_error": 0.0015222052934920072,
  "lateral_drift": 0.21143395965918899,
  "final_position_error": 0.21144948185590604,
  "duration": 21.21218110000001,
  "sample_count": 637,
  "max_dvl_forward_velocity": 0.3769093453884125,
  "mean_dvl_forward_velocity": 0.23531822437709973
}
