{
  "target_distance_m": 10.0,
  "dvl_estimated_distance_m": 10.014696378982554,
  "pose_forward_displacement_m": 10.00180721282959,
  "pose_ground_truth_displacement_m": 10.051325576279112,
  "longitudinal_error_m": 0.0018072128295898438,
  "absolute_longitudinal_error_m": 0.0018072128295898438,
  "signed_error_m": 0.012889166152964648,
  "absolute_distance_error_m": 0.012889166152964648,
  "percentage_error": 0.12886837227207665,
  "lateral_drift_m": 0.9964930093847215,
  "final_position_error_m": 0.9964946481395824,
  "duration_s": 23.906255800000054,
  "num_samples": 718,
  "stop_reason": "target_reached",
  "target_reached": true,
  "forward_command": 2.0,
  "forward_command_vector": [
    0.0,
    0.0,
    0.0,
    0.0,
    2.0,
    2.0,
    2.0,
    2.0
  ],
  "old_forward_command_default": 12.0,
  "new_forward_command_default": 2.0,
  "dvl_forward_index": 0,
  "dvl_forward_sign": 1.0,
  "warmup_ticks": 10,
  "elapsed_wall_clock_time_s": 23.906367300000056,
  "time_source": "wall_clock",
  "dt_source": "wall_clock",
  "mean_dt": 0.033342058298465906,
  "std_dt": 8.066292800506484e-05,
  "dt_fallback_count": 0,
  "speed_warning_threshold_mps": 1.0,
  "max_dvl_speed_warning_threshold_mps": 1.5,
  "mean_dvl_forward_velocity_mps": 0.41824481855334666,
  "max_dvl_forward_velocity_mps": 0.5347862243652344,
  "average_dvl_speed_mps": 0.41891530245328223,
  "average_pose_speed_mps": 0.4204475037985283,
  "mean_speed_mps": 0.4204475037985283,
  "initial_pose": {
    "x": 0.0,
    "y": 0.002058895770460367,
    "z": -4.0
  },
  "final_pose": {
    "x": 10.00180721282959,
    "y": 0.9985519051551819,
    "z": -4.0
  },
  "distance_validation_warnings": [],
  "diagnostic_distance_check": false,
  "experiment_label": "Step 2 current-distance grid",
  "current_x": 0.0,
  "current_y": 0.5,
  "current_z": 0.0,
  "current_magnitude": 0.5,
  "current_api_method": "env.set_ocean_currents(agent_name, velocity)",
  "current_application_mode": "every_step",
  "current_application_calls": 728,
  "final_lateral_offset": 0.9964930093847215,
  "summary_title": "Step 2 current-distance grid run summary",
  "output_dir": "C:\\Users\\andrea.bedei3\\Desktop\\HoloMotion\\results\\step_02_current_distance_grid\\20260514_101153\\target_10m_current_x_0_y_0p5_z_0_rep_01",
  "dvl_pose_sanity_check": {
    "dvl_estimated_distance_m": 10.014696378982554,
    "pose_forward_displacement_m": 10.00180721282959,
    "lateral_drift_m": 0.9964930093847215,
    "lateral_drift_ratio": 0.09963129544293683,
    "opposite_signs": false,
    "warning": ""
  },
  "current_warning": "",
  "target_distance": 10.0,
  "dvl_estimated_distance": 10.014696378982554,
  "pose_forward_displacement": 10.00180721282959,
  "pose_euclidean_displacement": 10.051325576279112,
  "longitudinal_error": 0.0018072128295898438,
  "absolute_longitudinal_error": 0.0018072128295898438,
  "absolute_error": 0.012889166152964648,
  "lateral_drift": 0.9964930093847215,
  "final_position_error": 0.9964946481395824,
  "duration": 23.906255800000054,
  "sample_count": 718,
  "average_pose_speed": 0.4204475037985283,
  "max_dvl_forward_velocity": 0.5347862243652344,
  "mean_dvl_forward_velocity": 0.41824481855334666
}
