{
  "target_distance_m": 20.0,
  "dvl_estimated_distance_m": 13.967193365719954,
  "pose_forward_displacement_m": 13.957830429077148,
  "pose_ground_truth_displacement_m": 14.19300473684023,
  "longitudinal_error_m": -6.042169570922852,
  "absolute_longitudinal_error_m": 6.042169570922852,
  "signed_error_m": 0.009362936642805408,
  "absolute_distance_error_m": 0.009362936642805408,
  "percentage_error": 0.06708017188187361,
  "lateral_drift_m": 2.5730046974495053,
  "final_position_error_m": 6.567203841581534,
  "duration_s": 60.0046569,
  "num_samples": 1800,
  "stop_reason": "timeout",
  "target_reached": false,
  "current_x": 0.0,
  "current_y": 1.0,
  "current_z": 0.0,
  "current_magnitude": 1.0,
  "current_application_mode": "every_step",
  "current_application_calls": 1810,
  "desired_forward_velocity": 0.3,
  "desired_lateral_velocity": 0.0,
  "kp_forward": 20.0,
  "kp_lateral": 12.0,
  "max_forward_command": 2.0,
  "max_lateral_command": 2.0,
  "max_thruster_command": 2.0,
  "final_clipping_applied": true,
  "dvl_forward_index": 0,
  "dvl_forward_sign": 1.0,
  "dvl_lateral_index": 1,
  "dvl_lateral_sign": 1.0,
  "elapsed_wall_clock_time_s": 60.0047381,
  "time_source": "wall_clock",
  "dt_source": "wall_clock",
  "mean_dt": 0.033354450750416896,
  "std_dt": 0.00021166730819565052,
  "dt_fallback_count": 0,
  "initial_pose": {
    "x": 0.0,
    "y": 0.008119369857013226,
    "z": -4.0
  },
  "final_pose": {
    "x": 13.957830429077148,
    "y": 2.5811240673065186,
    "z": -4.0
  },
  "average_dvl_speed_mps": 0.23276848976899914,
  "average_pose_speed": 0.23653172053784763,
  "average_pose_speed_mps": 0.23653172053784763,
  "mean_dvl_forward_velocity_mps": 0.23258518303537534,
  "max_dvl_forward_velocity_mps": 0.36592525243759155,
  "controller_type": "DVLVelocityTrackingController",
  "output_dir": "results\\step_02b_compensation_comparison\\20260514_114031\\target_20m_current_y_1_rep_01_dvl_velocity_compensation",
  "distance_validation_warnings": [],
  "dvl_pose_sanity_check": {
    "dvl_estimated_distance_m": 13.967193365719954,
    "pose_forward_displacement_m": 13.957830429077148,
    "lateral_drift_m": 2.5730046974495053,
    "lateral_drift_ratio": 0.18434130651776554,
    "opposite_signs": false,
    "warning": ""
  },
  "velocity_tracking_metric_sample_count": 1799,
  "mean_forward_velocity_error": 0.06724057116459284,
  "std_forward_velocity_error": 0.040332694981946506,
  "mean_lateral_velocity_error": -0.04326172581580175,
  "std_lateral_velocity_error": 0.038548089658858434,
  "mean_abs_lateral_velocity_error": 0.04823306492368873,
  "max_abs_lateral_velocity_error": 0.19044817984104156,
  "mean_command_effort": 2.6538555947064286,
  "max_command_effort": 3.9971976839473116,
  "target_distance": 20.0,
  "dvl_estimated_distance": 13.967193365719954,
  "pose_forward_displacement": 13.957830429077148,
  "pose_euclidean_displacement": 14.19300473684023,
  "longitudinal_error": -6.042169570922852,
  "absolute_longitudinal_error": 6.042169570922852,
  "absolute_error": 0.009362936642805408,
  "lateral_drift": 2.5730046974495053,
  "final_position_error": 6.567203841581534,
  "duration": 60.0046569,
  "sample_count": 1800,
  "max_dvl_forward_velocity": 0.36592525243759155,
  "mean_dvl_forward_velocity": 0.23258518303537534
}
