{
  "target_distance_m": 10.0,
  "dvl_estimated_distance_m": 10.000841715860751,
  "pose_forward_displacement_m": 10.018484115600586,
  "pose_ground_truth_displacement_m": 10.029390282015806,
  "longitudinal_error_m": 0.018484115600585938,
  "absolute_longitudinal_error_m": 0.018484115600585938,
  "signed_error_m": -0.017642399739834502,
  "absolute_distance_error_m": 0.017642399739834502,
  "percentage_error": 0.17609849490465435,
  "lateral_drift_m": 0.46759539609774947,
  "final_position_error_m": 0.4679605934064823,
  "duration_s": 27.509186699999987,
  "num_samples": 826,
  "stop_reason": "target_reached",
  "target_reached": true,
  "current_x": 0.0,
  "current_y": 0.5,
  "current_z": 0.0,
  "current_magnitude": 0.5,
  "current_application_mode": "every_step",
  "current_application_calls": 836,
  "desired_forward_velocity": 0.5,
  "desired_lateral_velocity": 0.0,
  "kp_forward": 20.0,
  "kp_lateral": 12.0,
  "max_forward_command": 2.0,
  "max_lateral_command": 2.0,
  "max_thruster_command": 2.0,
  "final_clipping_applied": true,
  "dvl_forward_index": 0,
  "dvl_forward_sign": 1.0,
  "dvl_lateral_index": 1,
  "dvl_lateral_sign": 1.0,
  "elapsed_wall_clock_time_s": 27.50930029999995,
  "time_source": "wall_clock",
  "dt_source": "wall_clock",
  "mean_dt": 0.03334446872727271,
  "std_dt": 0.00010393386342769856,
  "dt_fallback_count": 0,
  "initial_pose": {
    "x": 0.0,
    "y": 0.002058895770460367,
    "z": -4.0
  },
  "final_pose": {
    "x": 10.018484115600586,
    "y": 0.46965429186820984,
    "z": -4.0
  },
  "average_dvl_speed_mps": 0.36354552480683683,
  "average_pose_speed": 0.36458330780152837,
  "average_pose_speed_mps": 0.36458330780152837,
  "mean_dvl_forward_velocity_mps": 0.36304702295653396,
  "max_dvl_forward_velocity_mps": 0.49492284655570984,
  "controller_type": "DVLVelocityTrackingController",
  "output_dir": "C:\\Users\\andrea.bedei3\\Desktop\\HoloMotion\\results\\step_02c_pi_compensation_comparison\\20260515_111553\\target_10m_current_y_0p5_rep_02_dvl_velocity_compensation",
  "distance_validation_warnings": [],
  "dvl_pose_sanity_check": {
    "dvl_estimated_distance_m": 10.000841715860751,
    "pose_forward_displacement_m": 10.018484115600586,
    "lateral_drift_m": 0.46759539609774947,
    "lateral_drift_ratio": 0.04667326820128598,
    "opposite_signs": false,
    "warning": ""
  },
  "velocity_tracking_metric_sample_count": 825,
  "mean_forward_velocity_error": 0.13645462975583295,
  "std_forward_velocity_error": 0.05940007142360244,
  "mean_lateral_velocity_error": -0.016764171842973376,
  "std_lateral_velocity_error": 0.036660938183945155,
  "mean_abs_lateral_velocity_error": 0.03196377979535486,
  "max_abs_lateral_velocity_error": 0.14072641730308533,
  "mean_command_effort": 3.5140453224250283,
  "max_command_effort": 3.9994501563588303,
  "target_distance": 10.0,
  "dvl_estimated_distance": 10.000841715860751,
  "pose_forward_displacement": 10.018484115600586,
  "pose_euclidean_displacement": 10.029390282015806,
  "longitudinal_error": 0.018484115600585938,
  "absolute_longitudinal_error": 0.018484115600585938,
  "absolute_error": 0.017642399739834502,
  "lateral_drift": 0.46759539609774947,
  "final_position_error": 0.4679605934064823,
  "duration": 27.509186699999987,
  "sample_count": 826,
  "max_dvl_forward_velocity": 0.49492284655570984,
  "mean_dvl_forward_velocity": 0.36304702295653396
}
