{
  "target_distance_m": 5.0,
  "dvl_estimated_distance_m": 5.007989779482036,
  "pose_forward_displacement_m": 4.99592924118042,
  "pose_ground_truth_displacement_m": 5.074012626334233,
  "longitudinal_error_m": -0.004070758819580078,
  "absolute_longitudinal_error_m": 0.004070758819580078,
  "signed_error_m": 0.012060538301615686,
  "absolute_distance_error_m": 0.012060538301615686,
  "percentage_error": 0.24140730821812173,
  "lateral_drift_m": 0.8867328511551023,
  "final_position_error_m": 0.8867421950009056,
  "duration_s": 15.70491469999999,
  "num_samples": 472,
  "stop_reason": "target_reached",
  "target_reached": true,
  "current_x": 0.0,
  "current_y": 1.0,
  "current_z": 0.0,
  "current_magnitude": 1.0,
  "current_application_mode": "every_step",
  "current_application_calls": 482,
  "desired_forward_velocity": 0.5,
  "desired_lateral_velocity": 0.0,
  "kp_forward": 20.0,
  "kp_lateral": 12.0,
  "max_forward_command": 2.0,
  "max_lateral_command": 2.0,
  "max_thruster_command": 2.0,
  "final_clipping_applied": true,
  "dvl_forward_index": 0,
  "dvl_forward_sign": 1.0,
  "dvl_lateral_index": 1,
  "dvl_lateral_sign": 1.0,
  "elapsed_wall_clock_time_s": 15.705031399999996,
  "time_source": "wall_clock",
  "dt_source": "wall_clock",
  "mean_dt": 0.033343767940551994,
  "std_dt": 9.740213604437115e-05,
  "dt_fallback_count": 0,
  "initial_pose": {
    "x": 0.0,
    "y": 0.008119369857013226,
    "z": -4.0
  },
  "final_pose": {
    "x": 4.99592924118042,
    "y": 0.8948522210121155,
    "z": -4.0
  },
  "average_dvl_speed_mps": 0.31888041897368846,
  "average_pose_speed": 0.3230843798428422,
  "average_pose_speed_mps": 0.3230843798428422,
  "mean_dvl_forward_velocity_mps": 0.3180780571577597,
  "max_dvl_forward_velocity_mps": 0.47224774956703186,
  "controller_type": "DVLVelocityTrackingController",
  "output_dir": "C:\\Users\\andrea.bedei3\\Desktop\\HoloMotion\\results\\step_02c_pi_compensation_comparison\\20260515_111553\\target_5m_current_y_1_rep_01_dvl_velocity_compensation",
  "distance_validation_warnings": [],
  "dvl_pose_sanity_check": {
    "dvl_estimated_distance_m": 5.007989779482036,
    "pose_forward_displacement_m": 4.99592924118042,
    "lateral_drift_m": 0.8867328511551023,
    "lateral_drift_ratio": 0.17749107490273186,
    "opposite_signs": false,
    "warning": ""
  },
  "velocity_tracking_metric_sample_count": 471,
  "mean_forward_velocity_error": 0.18111566276607874,
  "std_forward_velocity_error": 0.06400296450934159,
  "mean_lateral_velocity_error": -0.05822525912684595,
  "std_lateral_velocity_error": 0.037818442121337344,
  "mean_abs_lateral_velocity_error": 0.06038879846275716,
  "max_abs_lateral_velocity_error": 0.1765923798084259,
  "mean_command_effort": 3.3758466448205184,
  "max_command_effort": 3.999087503989942,
  "target_distance": 5.0,
  "dvl_estimated_distance": 5.007989779482036,
  "pose_forward_displacement": 4.99592924118042,
  "pose_euclidean_displacement": 5.074012626334233,
  "longitudinal_error": -0.004070758819580078,
  "absolute_longitudinal_error": 0.004070758819580078,
  "absolute_error": 0.012060538301615686,
  "lateral_drift": 0.8867328511551023,
  "final_position_error": 0.8867421950009056,
  "duration": 15.70491469999999,
  "sample_count": 472,
  "max_dvl_forward_velocity": 0.47224774956703186,
  "mean_dvl_forward_velocity": 0.3180780571577597
}
