{
  "target_distance_m": 1.0,
  "dvl_estimated_distance_m": 1.0010768142771818,
  "pose_forward_displacement_m": 0.9893353581428528,
  "pose_ground_truth_displacement_m": 1.2409154491784946,
  "longitudinal_error_m": -0.010664641857147217,
  "absolute_longitudinal_error_m": 0.010664641857147217,
  "signed_error_m": 0.011741456134328976,
  "absolute_distance_error_m": 0.011741456134328976,
  "percentage_error": 1.1868024363719947,
  "lateral_drift_m": 0.7490572081878781,
  "final_position_error_m": 0.7491331228320901,
  "duration_s": 4.4678755,
  "num_samples": 135,
  "stop_reason": "target_reached",
  "target_reached": true,
  "current_x": 0.0,
  "current_y": 1.0,
  "current_z": 0.0,
  "current_magnitude": 1.0,
  "current_application_mode": "every_step",
  "current_application_calls": 145,
  "desired_forward_velocity": 0.3,
  "desired_lateral_velocity": 0.2,
  "kp_forward": 20.0,
  "kp_lateral": 12.0,
  "max_forward_command": 2.0,
  "max_lateral_command": 2.0,
  "dvl_forward_index": 0,
  "dvl_forward_sign": 1.0,
  "dvl_lateral_index": 1,
  "dvl_lateral_sign": 1.0,
  "elapsed_wall_clock_time_s": 4.467960000000001,
  "time_source": "wall_clock",
  "dt_source": "wall_clock",
  "mean_dt": 0.03334235447761194,
  "std_dt": 6.979656324743949e-05,
  "dt_fallback_count": 0,
  "initial_pose": {
    "x": 0.0,
    "y": 0.008119369857013226,
    "z": -4.0
  },
  "final_pose": {
    "x": 0.9893353581428528,
    "y": 0.7571765780448914,
    "z": -4.0
  },
  "average_dvl_speed_mps": 0.22406103623012363,
  "average_pose_speed": 0.27774172516187945,
  "average_pose_speed_mps": 0.27774172516187945,
  "mean_dvl_forward_velocity_mps": 0.22247498234802926,
  "max_dvl_forward_velocity_mps": 0.34454798698425293,
  "controller_type": "DVLVelocityTrackingController",
  "output_dir": "C:\\Users\\andrea.bedei3\\Desktop\\HoloMotion\\results\\step_02b_dvl_velocity_compensation\\20260514_110442",
  "distance_validation_warnings": [
    "Pose Euclidean displacement is much larger than Pose forward displacement, indicating significant drift."
  ],
  "dvl_pose_sanity_check": {
    "dvl_estimated_distance_m": 1.0010768142771818,
    "pose_forward_displacement_m": 0.9893353581428528,
    "lateral_drift_m": 0.7490572081878781,
    "lateral_drift_ratio": 0.7571317471094768,
    "opposite_signs": false,
    "warning": ""
  },
  "mean_forward_velocity_error": 0.07752501765197074,
  "std_forward_velocity_error": 0.060972782535772874,
  "mean_lateral_velocity_error": 0.03067862071372845,
  "std_lateral_velocity_error": 0.04430735643827481,
  "mean_abs_lateral_velocity_error": 0.03995950789363297,
  "max_abs_lateral_velocity_error": 0.18486635833978654,
  "mean_command_effort": 2.860621144211229,
  "max_command_effort": 5.656854249492381,
  "target_distance": 1.0,
  "dvl_estimated_distance": 1.0010768142771818,
  "pose_forward_displacement": 0.9893353581428528,
  "pose_euclidean_displacement": 1.2409154491784946,
  "longitudinal_error": -0.010664641857147217,
  "absolute_longitudinal_error": 0.010664641857147217,
  "absolute_error": 0.011741456134328976,
  "lateral_drift": 0.7490572081878781,
  "final_position_error": 0.7491331228320901,
  "duration": 4.4678755,
  "sample_count": 135,
  "max_dvl_forward_velocity": 0.34454798698425293,
  "mean_dvl_forward_velocity": 0.22247498234802926
}
