{
  "target_distance_m": 10.0,
  "dvl_estimated_distance_m": 10.002434660631364,
  "pose_forward_displacement_m": 9.986802101135254,
  "pose_ground_truth_displacement_m": 9.996948629490335,
  "longitudinal_error_m": -0.013197898864746094,
  "absolute_longitudinal_error_m": 0.013197898864746094,
  "signed_error_m": 0.015632559496109977,
  "absolute_distance_error_m": 0.015632559496109977,
  "percentage_error": 0.15653218455518347,
  "lateral_drift_m": 0.45029511814936996,
  "final_position_error_m": 0.4504884881587976,
  "duration_s": 27.47409049999999,
  "num_samples": 825,
  "stop_reason": "target_reached",
  "target_reached": true,
  "current_x": 0.0,
  "current_y": 0.5,
  "current_z": 0.0,
  "current_magnitude": 0.5,
  "current_application_mode": "every_step",
  "current_application_calls": 835,
  "desired_forward_velocity": 0.5,
  "desired_lateral_velocity": 0.0,
  "kp_forward": 20.0,
  "kp_lateral": 12.0,
  "max_forward_command": 2.0,
  "max_lateral_command": 2.0,
  "max_thruster_command": 2.0,
  "final_clipping_applied": true,
  "dvl_forward_index": 0,
  "dvl_forward_sign": 1.0,
  "dvl_lateral_index": 1,
  "dvl_lateral_sign": 1.0,
  "elapsed_wall_clock_time_s": 27.474250600000005,
  "time_source": "wall_clock",
  "dt_source": "wall_clock",
  "mean_dt": 0.03334234283980581,
  "std_dt": 0.00013800111016048098,
  "dt_fallback_count": 0,
  "initial_pose": {
    "x": 0.0,
    "y": 0.002058895770460367,
    "z": -4.0
  },
  "final_pose": {
    "x": 9.986802101135254,
    "y": 0.4523540139198303,
    "z": -4.0
  },
  "average_dvl_speed_mps": 0.3640679082945937,
  "average_pose_speed": 0.36386822812170394,
  "average_pose_speed_mps": 0.36386822812170394,
  "mean_dvl_forward_velocity_mps": 0.3636034918790965,
  "max_dvl_forward_velocity_mps": 0.4944199323654175,
  "controller_type": "DVLVelocityTrackingController",
  "output_dir": "C:\\Users\\andrea.bedei3\\Desktop\\HoloMotion\\results\\step_02b_compensation_comparison\\20260515_103529\\target_10m_current_y_0p5_rep_01_dvl_velocity_compensation",
  "distance_validation_warnings": [],
  "dvl_pose_sanity_check": {
    "dvl_estimated_distance_m": 10.002434660631364,
    "pose_forward_displacement_m": 9.986802101135254,
    "lateral_drift_m": 0.45029511814936996,
    "lateral_drift_ratio": 0.045089019847322546,
    "opposite_signs": false,
    "warning": ""
  },
  "velocity_tracking_metric_sample_count": 824,
  "mean_forward_velocity_error": 0.1359320005291205,
  "std_forward_velocity_error": 0.0566690999592018,
  "mean_lateral_velocity_error": -0.017397649492001788,
  "std_lateral_velocity_error": 0.038674958210942405,
  "mean_abs_lateral_velocity_error": 0.03364749147898763,
  "max_abs_lateral_velocity_error": 0.15239189565181732,
  "mean_command_effort": 3.508268705333235,
  "max_command_effort": 3.997053609362529,
  "target_distance": 10.0,
  "dvl_estimated_distance": 10.002434660631364,
  "pose_forward_displacement": 9.986802101135254,
  "pose_euclidean_displacement": 9.996948629490335,
  "longitudinal_error": -0.013197898864746094,
  "absolute_longitudinal_error": 0.013197898864746094,
  "absolute_error": 0.015632559496109977,
  "lateral_drift": 0.45029511814936996,
  "final_position_error": 0.4504884881587976,
  "duration": 27.47409049999999,
  "sample_count": 825,
  "max_dvl_forward_velocity": 0.4944199323654175,
  "mean_dvl_forward_velocity": 0.3636034918790965
}
