{
  "target_distance_m": 20.0,
  "dvl_estimated_distance_m": 20.00147572946909,
  "pose_forward_displacement_m": 20.037601470947266,
  "pose_ground_truth_displacement_m": 20.059868349204326,
  "longitudinal_error_m": 0.037601470947265625,
  "absolute_longitudinal_error_m": 0.037601470947265625,
  "signed_error_m": -0.03612574147817682,
  "absolute_distance_error_m": 0.03612574147817682,
  "percentage_error": 0.18028974940217232,
  "lateral_drift_m": 0.9449050105176866,
  "final_position_error_m": 0.9456528694604736,
  "duration_s": 54.152851000000055,
  "num_samples": 1625,
  "stop_reason": "target_reached",
  "target_reached": true,
  "current_x": 0.0,
  "current_y": 0.5,
  "current_z": 0.0,
  "current_magnitude": 0.5,
  "current_application_mode": "every_step",
  "current_application_calls": 1635,
  "desired_forward_velocity": 0.5,
  "desired_lateral_velocity": 0.0,
  "kp_forward": 20.0,
  "kp_lateral": 12.0,
  "max_forward_command": 2.0,
  "max_lateral_command": 2.0,
  "max_thruster_command": 2.0,
  "final_clipping_applied": true,
  "dvl_forward_index": 0,
  "dvl_forward_sign": 1.0,
  "dvl_lateral_index": 1,
  "dvl_lateral_sign": 1.0,
  "elapsed_wall_clock_time_s": 54.153017699999964,
  "time_source": "wall_clock",
  "dt_source": "wall_clock",
  "mean_dt": 0.03334535160098526,
  "std_dt": 0.0001720057827718354,
  "dt_fallback_count": 0,
  "initial_pose": {
    "x": 0.0,
    "y": 0.002058895770460367,
    "z": -4.0
  },
  "final_pose": {
    "x": 20.037601470947266,
    "y": 0.946963906288147,
    "z": -4.0
  },
  "average_dvl_speed_mps": 0.3693522198760887,
  "average_pose_speed": 0.37043051249885817,
  "average_pose_speed_mps": 0.37043051249885817,
  "mean_dvl_forward_velocity_mps": 0.36911480972615,
  "max_dvl_forward_velocity_mps": 0.4957636594772339,
  "controller_type": "DVLVelocityTrackingController",
  "output_dir": "C:\\Users\\andrea.bedei3\\Desktop\\HoloMotion\\results\\step_02b_compensation_comparison\\20260515_103529\\target_20m_current_y_0p5_rep_02_dvl_velocity_compensation",
  "distance_validation_warnings": [],
  "dvl_pose_sanity_check": {
    "dvl_estimated_distance_m": 20.00147572946909,
    "pose_forward_displacement_m": 20.037601470947266,
    "lateral_drift_m": 0.9449050105176866,
    "lateral_drift_ratio": 0.04715659266343402,
    "opposite_signs": false,
    "warning": ""
  },
  "velocity_tracking_metric_sample_count": 1624,
  "mean_forward_velocity_error": 0.13064934388952895,
  "std_forward_velocity_error": 0.049201316202599474,
  "mean_lateral_velocity_error": -0.016749246343203992,
  "std_lateral_velocity_error": 0.037446127534220885,
  "mean_abs_lateral_velocity_error": 0.03280979145716548,
  "max_abs_lateral_velocity_error": 0.14065846800804138,
  "mean_command_effort": 3.5138778594922244,
  "max_command_effort": 3.99984348468489,
  "target_distance": 20.0,
  "dvl_estimated_distance": 20.00147572946909,
  "pose_forward_displacement": 20.037601470947266,
  "pose_euclidean_displacement": 20.059868349204326,
  "longitudinal_error": 0.037601470947265625,
  "absolute_longitudinal_error": 0.037601470947265625,
  "absolute_error": 0.03612574147817682,
  "lateral_drift": 0.9449050105176866,
  "final_position_error": 0.9456528694604736,
  "duration": 54.152851000000055,
  "sample_count": 1625,
  "max_dvl_forward_velocity": 0.4957636594772339,
  "mean_dvl_forward_velocity": 0.36911480972615
}
