{
  "target_distance_m": 10.0,
  "dvl_estimated_distance_m": 10.001837761354196,
  "pose_forward_displacement_m": 10.031614303588867,
  "pose_ground_truth_displacement_m": 10.187464608193327,
  "longitudinal_error_m": 0.03161430358886719,
  "absolute_longitudinal_error_m": 0.03161430358886719,
  "signed_error_m": -0.02977654223467141,
  "absolute_distance_error_m": 0.02977654223467141,
  "percentage_error": 0.29682702438049957,
  "lateral_drift_m": 1.7751477705314755,
  "final_position_error_m": 1.7754292639849882,
  "duration_s": 30.541617000000088,
  "num_samples": 917,
  "stop_reason": "target_reached",
  "target_reached": true,
  "current_x": 0.0,
  "current_y": 1.0,
  "current_z": 0.0,
  "current_magnitude": 1.0,
  "current_application_mode": "every_step",
  "current_application_calls": 927,
  "desired_forward_velocity": 0.5,
  "desired_lateral_velocity": 0.0,
  "kp_forward": 20.0,
  "kp_lateral": 12.0,
  "max_forward_command": 2.0,
  "max_lateral_command": 2.0,
  "max_thruster_command": 2.0,
  "final_clipping_applied": true,
  "dvl_forward_index": 0,
  "dvl_forward_sign": 1.0,
  "dvl_lateral_index": 1,
  "dvl_lateral_sign": 1.0,
  "elapsed_wall_clock_time_s": 30.54176469999993,
  "time_source": "wall_clock",
  "dt_source": "wall_clock",
  "mean_dt": 0.03334237663755468,
  "std_dt": 0.00010011914878395318,
  "dt_fallback_count": 0,
  "initial_pose": {
    "x": 0.0,
    "y": 0.008119369857013226,
    "z": -4.0
  },
  "final_pose": {
    "x": 10.031614303588867,
    "y": 1.7832671403884888,
    "z": -4.0
  },
  "average_dvl_speed_mps": 0.32748226007006004,
  "average_pose_speed": 0.3335600930426604,
  "average_pose_speed_mps": 0.3335600930426604,
  "mean_dvl_forward_velocity_mps": 0.3270913495671008,
  "max_dvl_forward_velocity_mps": 0.44744038581848145,
  "controller_type": "DVLVelocityTrackingController",
  "output_dir": "C:\\Users\\andrea.bedei3\\Desktop\\HoloMotion\\results\\step_02c_pi_compensation_comparison\\20260515_111553\\target_10m_current_y_1_rep_02_dvl_velocity_compensation",
  "distance_validation_warnings": [],
  "dvl_pose_sanity_check": {
    "dvl_estimated_distance_m": 10.001837761354196,
    "pose_forward_displacement_m": 10.031614303588867,
    "lateral_drift_m": 1.7751477705314755,
    "lateral_drift_ratio": 0.17695534505312932,
    "opposite_signs": false,
    "warning": ""
  },
  "velocity_tracking_metric_sample_count": 916,
  "mean_forward_velocity_error": 0.17251494729801947,
  "std_forward_velocity_error": 0.05161688496431296,
  "mean_lateral_velocity_error": -0.057746569519467536,
  "std_lateral_velocity_error": 0.03771770090058768,
  "mean_abs_lateral_velocity_error": 0.06022614260714025,
  "max_abs_lateral_velocity_error": 0.1573994904756546,
  "mean_command_effort": 3.387033000922987,
  "max_command_effort": 3.9986927931312457,
  "target_distance": 10.0,
  "dvl_estimated_distance": 10.001837761354196,
  "pose_forward_displacement": 10.031614303588867,
  "pose_euclidean_displacement": 10.187464608193327,
  "longitudinal_error": 0.03161430358886719,
  "absolute_longitudinal_error": 0.03161430358886719,
  "absolute_error": 0.02977654223467141,
  "lateral_drift": 1.7751477705314755,
  "final_position_error": 1.7754292639849882,
  "duration": 30.541617000000088,
  "sample_count": 917,
  "max_dvl_forward_velocity": 0.44744038581848145,
  "mean_dvl_forward_velocity": 0.3270913495671008
}
