{
  "target_distance_m": 10.0,
  "dvl_estimated_distance_m": 10.005567654391443,
  "pose_forward_displacement_m": 9.94260311126709,
  "pose_ground_truth_displacement_m": 10.11628716878078,
  "longitudinal_error_m": -0.057396888732910156,
  "absolute_longitudinal_error_m": 0.057396888732910156,
  "signed_error_m": 0.06296454312435351,
  "absolute_distance_error_m": 0.06296454312435351,
  "percentage_error": 0.6332802629223051,
  "lateral_drift_m": 1.866523359902203,
  "final_position_error_m": 1.8674056484590666,
  "duration_s": 43.04569609999999,
  "num_samples": 1292,
  "stop_reason": "target_reached",
  "target_reached": true,
  "current_x": 0.0,
  "current_y": 1.0,
  "current_z": 0.0,
  "current_magnitude": 1.0,
  "current_application_mode": "every_step",
  "current_application_calls": 1302,
  "desired_forward_velocity": 0.3,
  "desired_lateral_velocity": 0.0,
  "kp_forward": 20.0,
  "kp_lateral": 12.0,
  "max_forward_command": 2.0,
  "max_lateral_command": 2.0,
  "max_thruster_command": 2.0,
  "final_clipping_applied": true,
  "dvl_forward_index": 0,
  "dvl_forward_sign": 1.0,
  "dvl_lateral_index": 1,
  "dvl_lateral_sign": 1.0,
  "elapsed_wall_clock_time_s": 43.045815800000014,
  "time_source": "wall_clock",
  "dt_source": "wall_clock",
  "mean_dt": 0.03334290945003872,
  "std_dt": 0.00010332784874473097,
  "dt_fallback_count": 0,
  "initial_pose": {
    "x": 0.0,
    "y": 0.008119369857013226,
    "z": -4.0
  },
  "final_pose": {
    "x": 9.94260311126709,
    "y": 1.8746427297592163,
    "z": -4.0
  },
  "average_dvl_speed_mps": 0.2324406052383817,
  "average_pose_speed": 0.23501274425390886,
  "average_pose_speed_mps": 0.23501274425390886,
  "mean_dvl_forward_velocity_mps": 0.2322908906711571,
  "max_dvl_forward_velocity_mps": 0.37322697043418884,
  "controller_type": "DVLVelocityTrackingController",
  "output_dir": "C:\\Users\\andrea.bedei3\\Desktop\\HoloMotion\\results\\step_02b_compensation_comparison\\20260514_114031\\target_10m_current_y_1_rep_02_dvl_velocity_compensation",
  "distance_validation_warnings": [],
  "dvl_pose_sanity_check": {
    "dvl_estimated_distance_m": 10.005567654391443,
    "pose_forward_displacement_m": 9.94260311126709,
    "lateral_drift_m": 1.866523359902203,
    "lateral_drift_ratio": 0.18772984690367797,
    "opposite_signs": false,
    "warning": ""
  },
  "velocity_tracking_metric_sample_count": 1291,
  "mean_forward_velocity_error": 0.06756368647239334,
  "std_forward_velocity_error": 0.04197140484243862,
  "mean_lateral_velocity_error": -0.04257181875628385,
  "std_lateral_velocity_error": 0.035726777816759286,
  "mean_abs_lateral_velocity_error": 0.04692003335847334,
  "max_abs_lateral_velocity_error": 0.16422152519226074,
  "mean_command_effort": 2.641461004264024,
  "max_command_effort": 3.9946052453088035,
  "target_distance": 10.0,
  "dvl_estimated_distance": 10.005567654391443,
  "pose_forward_displacement": 9.94260311126709,
  "pose_euclidean_displacement": 10.11628716878078,
  "longitudinal_error": -0.057396888732910156,
  "absolute_longitudinal_error": 0.057396888732910156,
  "absolute_error": 0.06296454312435351,
  "lateral_drift": 1.866523359902203,
  "final_position_error": 1.8674056484590666,
  "duration": 43.04569609999999,
  "sample_count": 1292,
  "max_dvl_forward_velocity": 0.37322697043418884,
  "mean_dvl_forward_velocity": 0.2322908906711571
}
