{
  "target_distance_m": 10.0,
  "dvl_estimated_distance_m": 10.003479653045186,
  "pose_forward_displacement_m": 9.987333297729492,
  "pose_ground_truth_displacement_m": 10.036779544691433,
  "longitudinal_error_m": -0.012666702270507812,
  "absolute_longitudinal_error_m": 0.012666702270507812,
  "signed_error_m": 0.016146355315694194,
  "absolute_distance_error_m": 0.016146355315694194,
  "percentage_error": 0.16166833362179758,
  "lateral_drift_m": 0.995046345051378,
  "final_position_error_m": 0.995126963832513,
  "duration_s": 23.873425399999974,
  "num_samples": 717,
  "stop_reason": "target_reached",
  "target_reached": true,
  "forward_command": 2.0,
  "forward_command_vector": [
    0.0,
    0.0,
    0.0,
    0.0,
    2.0,
    2.0,
    2.0,
    2.0
  ],
  "old_forward_command_default": 12.0,
  "new_forward_command_default": 2.0,
  "dvl_forward_index": 0,
  "dvl_forward_sign": 1.0,
  "warmup_ticks": 10,
  "elapsed_wall_clock_time_s": 23.87356849999992,
  "time_source": "wall_clock",
  "dt_source": "wall_clock",
  "mean_dt": 0.0333427729050279,
  "std_dt": 0.00010630648202232717,
  "dt_fallback_count": 0,
  "speed_warning_threshold_mps": 1.0,
  "max_dvl_speed_warning_threshold_mps": 1.5,
  "mean_dvl_forward_velocity_mps": 0.4183702150377935,
  "max_dvl_forward_velocity_mps": 0.5337003469467163,
  "average_dvl_speed_mps": 0.4190215474083245,
  "average_pose_speed_mps": 0.4204163992608888,
  "mean_speed_mps": 0.4204163992608888,
  "initial_pose": {
    "x": 0.0,
    "y": 0.002058895770460367,
    "z": -4.0
  },
  "final_pose": {
    "x": 9.987333297729492,
    "y": 0.9971052408218384,
    "z": -4.0
  },
  "distance_validation_warnings": [],
  "diagnostic_distance_check": false,
  "experiment_label": "Step 2 current-distance grid",
  "current_x": 0.0,
  "current_y": 0.5,
  "current_z": 0.0,
  "current_magnitude": 0.5,
  "current_api_method": "env.set_ocean_currents(agent_name, velocity)",
  "current_application_mode": "every_step",
  "current_application_calls": 727,
  "final_lateral_offset": 0.995046345051378,
  "summary_title": "Step 2 current-distance grid run summary",
  "output_dir": "C:\\Users\\andrea.bedei3\\Desktop\\HoloMotion\\results\\step_02_current_distance_grid\\20260514_101153\\target_10m_current_x_0_y_0p5_z_0_rep_02",
  "dvl_pose_sanity_check": {
    "dvl_estimated_distance_m": 10.003479653045186,
    "pose_forward_displacement_m": 9.987333297729492,
    "lateral_drift_m": 0.995046345051378,
    "lateral_drift_ratio": 0.09963083391615564,
    "opposite_signs": false,
    "warning": ""
  },
  "current_warning": "",
  "target_distance": 10.0,
  "dvl_estimated_distance": 10.003479653045186,
  "pose_forward_displacement": 9.987333297729492,
  "pose_euclidean_displacement": 10.036779544691433,
  "longitudinal_error": -0.012666702270507812,
  "absolute_longitudinal_error": 0.012666702270507812,
  "absolute_error": 0.016146355315694194,
  "lateral_drift": 0.995046345051378,
  "final_position_error": 0.995126963832513,
  "duration": 23.873425399999974,
  "sample_count": 717,
  "average_pose_speed": 0.4204163992608888,
  "max_dvl_forward_velocity": 0.5337003469467163,
  "mean_dvl_forward_velocity": 0.4183702150377935
}
