{
  "target_distance_m": 1.0,
  "dvl_estimated_distance_m": 1.001528108984311,
  "pose_forward_displacement_m": 1.0053035020828247,
  "pose_ground_truth_displacement_m": 1.0175615289721258,
  "longitudinal_error_m": 0.005303502082824707,
  "absolute_longitudinal_error_m": 0.005303502082824707,
  "signed_error_m": -0.003775393098513602,
  "absolute_distance_error_m": 0.003775393098513602,
  "percentage_error": 0.3755475924127991,
  "lateral_drift_m": 0.15746851731091738,
  "final_position_error_m": 0.1575578023407321,
  "duration_s": 4.501335800000001,
  "num_samples": 136,
  "stop_reason": "target_reached",
  "target_reached": true,
  "current_x": 0.0,
  "current_y": 1.0,
  "current_z": 0.0,
  "current_magnitude": 1.0,
  "current_application_mode": "every_step",
  "current_application_calls": 146,
  "desired_forward_velocity": 0.3,
  "desired_lateral_velocity": 0.0,
  "kp_forward": 20.0,
  "kp_lateral": 12.0,
  "max_forward_command": 2.0,
  "max_lateral_command": 2.0,
  "dvl_forward_index": 0,
  "dvl_forward_sign": 1.0,
  "dvl_lateral_index": 1,
  "dvl_lateral_sign": 1.0,
  "elapsed_wall_clock_time_s": 4.501452499999999,
  "time_source": "wall_clock",
  "dt_source": "wall_clock",
  "mean_dt": 0.033343228148148156,
  "std_dt": 9.199181255999433e-05,
  "dt_fallback_count": 0,
  "initial_pose": {
    "x": 0.0,
    "y": 0.008119369857013226,
    "z": -4.0
  },
  "final_pose": {
    "x": 1.0053035020828247,
    "y": 0.1655878871679306,
    "z": -4.0
  },
  "average_dvl_speed_mps": 0.22249575536762015,
  "average_pose_speed": 0.22605768024952183,
  "average_pose_speed_mps": 0.22605768024952183,
  "mean_dvl_forward_velocity_mps": 0.22076793222838795,
  "max_dvl_forward_velocity_mps": 0.3423001766204834,
  "controller_type": "DVLVelocityTrackingController",
  "output_dir": "C:\\Users\\andrea.bedei3\\Desktop\\HoloMotion\\results\\step_02b_compensation_comparison\\20260514_110502\\target_1m_current_y_1_rep_01_dvl_velocity_compensation",
  "distance_validation_warnings": [],
  "dvl_pose_sanity_check": {
    "dvl_estimated_distance_m": 1.001528108984311,
    "pose_forward_displacement_m": 1.0053035020828247,
    "lateral_drift_m": 0.15746851731091738,
    "lateral_drift_ratio": 0.15663778847349913,
    "opposite_signs": false,
    "warning": ""
  },
  "mean_forward_velocity_error": 0.07923206777161207,
  "std_forward_velocity_error": 0.06154112229407139,
  "mean_lateral_velocity_error": -0.038151414566313824,
  "std_lateral_velocity_error": 0.03869017581416981,
  "mean_abs_lateral_velocity_error": 0.044282906328803884,
  "max_abs_lateral_velocity_error": 0.13039018213748932,
  "mean_command_effort": 2.9588492953977465,
  "max_command_effort": 5.053457419834727,
  "target_distance": 1.0,
  "dvl_estimated_distance": 1.001528108984311,
  "pose_forward_displacement": 1.0053035020828247,
  "pose_euclidean_displacement": 1.0175615289721258,
  "longitudinal_error": 0.005303502082824707,
  "absolute_longitudinal_error": 0.005303502082824707,
  "absolute_error": 0.003775393098513602,
  "lateral_drift": 0.15746851731091738,
  "final_position_error": 0.1575578023407321,
  "duration": 4.501335800000001,
  "sample_count": 136,
  "max_dvl_forward_velocity": 0.3423001766204834,
  "mean_dvl_forward_velocity": 0.22076793222838795
}
