{
  "target_distance_m": 1.0,
  "dvl_estimated_distance_m": 1.0128206320603566,
  "pose_forward_displacement_m": 1.0025947093963623,
  "pose_ground_truth_displacement_m": 1.0576516571953085,
  "longitudinal_error_m": 0.0025947093963623047,
  "absolute_longitudinal_error_m": 0.0025947093963623047,
  "signed_error_m": 0.010225922663994247,
  "absolute_distance_error_m": 0.010225922663994247,
  "percentage_error": 1.01994580343946,
  "lateral_drift_m": 0.33679500687867403,
  "final_position_error_m": 0.3368050017076018,
  "duration_s": 3.2343115000000004,
  "num_samples": 98,
  "stop_reason": "target_reached",
  "target_reached": true,
  "forward_command": 2.0,
  "forward_command_vector": [
    0.0,
    0.0,
    0.0,
    0.0,
    2.0,
    2.0,
    2.0,
    2.0
  ],
  "old_forward_command_default": 12.0,
  "new_forward_command_default": 2.0,
  "dvl_forward_index": 0,
  "dvl_forward_sign": 1.0,
  "warmup_ticks": 10,
  "elapsed_wall_clock_time_s": 3.2344272,
  "time_source": "wall_clock",
  "dt_source": "wall_clock",
  "mean_dt": 0.0333434175257732,
  "std_dt": 0.00012752332393120596,
  "dt_fallback_count": 0,
  "speed_warning_threshold_mps": 1.0,
  "max_dvl_speed_warning_threshold_mps": 1.5,
  "mean_dvl_forward_velocity_mps": 0.3096452038687635,
  "max_dvl_forward_velocity_mps": 0.47726839780807495,
  "average_dvl_speed_mps": 0.31314875888125077,
  "average_pose_speed_mps": 0.3270098310553292,
  "mean_speed_mps": 0.3270098310553292,
  "initial_pose": {
    "x": 0.0,
    "y": 0.008119369857013226,
    "z": -4.0
  },
  "final_pose": {
    "x": 1.0025947093963623,
    "y": 0.34491437673568726,
    "z": -4.0
  },
  "distance_validation_warnings": [],
  "diagnostic_distance_check": false,
  "experiment_label": "Step 2 current forward-distance",
  "current_x": 0.0,
  "current_y": 1.0,
  "current_z": 0.0,
  "current_magnitude": 1.0,
  "current_api_method": "env.set_ocean_currents(agent_name, velocity)",
  "current_application_mode": "every_step",
  "current_application_calls": 108,
  "final_lateral_offset": 0.33679500687867403,
  "summary_title": "Step 2 current forward-distance summary",
  "output_dir": "C:\\Users\\andrea.bedei3\\Desktop\\HoloMotion\\results\\step_02_current_forward_distance\\20260514_110202",
  "dvl_pose_sanity_check": {
    "dvl_estimated_distance_m": 1.0128206320603566,
    "pose_forward_displacement_m": 1.0025947093963623,
    "lateral_drift_m": 0.33679500687867403,
    "lateral_drift_ratio": 0.33592338331951704,
    "opposite_signs": false,
    "warning": ""
  },
  "current_warning": "",
  "target_distance": 1.0,
  "dvl_estimated_distance": 1.0128206320603566,
  "pose_forward_displacement": 1.0025947093963623,
  "pose_euclidean_displacement": 1.0576516571953085,
  "longitudinal_error": 0.0025947093963623047,
  "absolute_longitudinal_error": 0.0025947093963623047,
  "absolute_error": 0.010225922663994247,
  "lateral_drift": 0.33679500687867403,
  "final_position_error": 0.3368050017076018,
  "duration": 3.2343115000000004,
  "sample_count": 98,
  "average_pose_speed": 0.3270098310553292,
  "max_dvl_forward_velocity": 0.47726839780807495,
  "mean_dvl_forward_velocity": 0.3096452038687635
}
