{
  "target_distance_m": 5.0,
  "dvl_estimated_distance_m": 5.0115731868930276,
  "pose_forward_displacement_m": 5.008171558380127,
  "pose_ground_truth_displacement_m": 5.032809676576088,
  "longitudinal_error_m": 0.008171558380126953,
  "absolute_longitudinal_error_m": 0.008171558380126953,
  "signed_error_m": 0.0034016285129006008,
  "absolute_distance_error_m": 0.0034016285129006008,
  "percentage_error": 0.0679215652508686,
  "lateral_drift_m": 0.49738403921946883,
  "final_position_error_m": 0.49745116025257585,
  "duration_s": 12.403318100000007,
  "num_samples": 373,
  "stop_reason": "target_reached",
  "target_reached": true,
  "forward_command": 2.0,
  "forward_command_vector": [
    0.0,
    0.0,
    0.0,
    0.0,
    2.0,
    2.0,
    2.0,
    2.0
  ],
  "old_forward_command_default": 12.0,
  "new_forward_command_default": 2.0,
  "dvl_forward_index": 0,
  "dvl_forward_sign": 1.0,
  "warmup_ticks": 10,
  "elapsed_wall_clock_time_s": 12.403408099999979,
  "time_source": "wall_clock",
  "dt_source": "wall_clock",
  "mean_dt": 0.03334225295698927,
  "std_dt": 0.00012349610401136824,
  "dt_fallback_count": 0,
  "speed_warning_threshold_mps": 1.0,
  "max_dvl_speed_warning_threshold_mps": 1.5,
  "mean_dvl_forward_velocity_mps": 0.40286830550274405,
  "max_dvl_forward_velocity_mps": 0.528971254825592,
  "average_dvl_speed_mps": 0.40405100848723896,
  "average_pose_speed_mps": 0.4057631704677545,
  "mean_speed_mps": 0.4057631704677545,
  "initial_pose": {
    "x": 0.0,
    "y": 0.002058895770460367,
    "z": -4.0
  },
  "final_pose": {
    "x": 5.008171558380127,
    "y": 0.4994429349899292,
    "z": -4.0
  },
  "distance_validation_warnings": [],
  "diagnostic_distance_check": false,
  "experiment_label": "Step 2 current-distance grid",
  "current_x": 0.0,
  "current_y": 0.5,
  "current_z": 0.0,
  "current_magnitude": 0.5,
  "current_api_method": "env.set_ocean_currents(agent_name, velocity)",
  "current_application_mode": "every_step",
  "current_application_calls": 383,
  "final_lateral_offset": 0.49738403921946883,
  "summary_title": "Step 2 current-distance grid run summary",
  "output_dir": "C:\\Users\\andrea.bedei3\\Desktop\\HoloMotion\\results\\step_02_current_distance_grid\\20260514_101153\\target_5m_current_x_0_y_0p5_z_0_rep_03",
  "dvl_pose_sanity_check": {
    "dvl_estimated_distance_m": 5.0115731868930276,
    "pose_forward_displacement_m": 5.008171558380127,
    "lateral_drift_m": 0.49738403921946883,
    "lateral_drift_ratio": 0.09931449700184507,
    "opposite_signs": false,
    "warning": ""
  },
  "current_warning": "",
  "target_distance": 5.0,
  "dvl_estimated_distance": 5.0115731868930276,
  "pose_forward_displacement": 5.008171558380127,
  "pose_euclidean_displacement": 5.032809676576088,
  "longitudinal_error": 0.008171558380126953,
  "absolute_longitudinal_error": 0.008171558380126953,
  "absolute_error": 0.0034016285129006008,
  "lateral_drift": 0.49738403921946883,
  "final_position_error": 0.49745116025257585,
  "duration": 12.403318100000007,
  "sample_count": 373,
  "average_pose_speed": 0.4057631704677545,
  "max_dvl_forward_velocity": 0.528971254825592,
  "mean_dvl_forward_velocity": 0.40286830550274405
}
