{
  "target_distance_m": 10.0,
  "dvl_estimated_distance_m": 10.001915236805097,
  "pose_forward_displacement_m": 9.98556137084961,
  "pose_ground_truth_displacement_m": 10.159142296100683,
  "longitudinal_error_m": -0.014438629150390625,
  "absolute_longitudinal_error_m": 0.014438629150390625,
  "signed_error_m": 0.01635386595548738,
  "absolute_distance_error_m": 0.01635386595548738,
  "percentage_error": 0.16377512838916067,
  "lateral_drift_m": 1.869956229813397,
  "final_position_error_m": 1.8700119720016972,
  "duration_s": 43.011757200000034,
  "num_samples": 1291,
  "stop_reason": "target_reached",
  "target_reached": true,
  "current_x": 0.0,
  "current_y": 1.0,
  "current_z": 0.0,
  "current_magnitude": 1.0,
  "current_application_mode": "every_step",
  "current_application_calls": 1301,
  "desired_forward_velocity": 0.3,
  "desired_lateral_velocity": 0.0,
  "kp_forward": 20.0,
  "kp_lateral": 12.0,
  "max_forward_command": 2.0,
  "max_lateral_command": 2.0,
  "max_thruster_command": 2.0,
  "final_clipping_applied": true,
  "dvl_forward_index": 0,
  "dvl_forward_sign": 1.0,
  "dvl_lateral_index": 1,
  "dvl_lateral_sign": 1.0,
  "elapsed_wall_clock_time_s": 43.01186889999997,
  "time_source": "wall_clock",
  "dt_source": "wall_clock",
  "mean_dt": 0.03334244744186049,
  "std_dt": 8.742081802295401e-05,
  "dt_fallback_count": 0,
  "initial_pose": {
    "x": 0.0,
    "y": 0.008119369857013226,
    "z": -4.0
  },
  "final_pose": {
    "x": 9.98556137084961,
    "y": 1.8780755996704102,
    "z": -4.0
  },
  "average_dvl_speed_mps": 0.23253909832833078,
  "average_pose_speed": 0.23619454208442975,
  "average_pose_speed_mps": 0.23619454208442975,
  "mean_dvl_forward_velocity_mps": 0.23236824655479743,
  "max_dvl_forward_velocity_mps": 0.3773114085197449,
  "controller_type": "DVLVelocityTrackingController",
  "output_dir": "C:\\Users\\andrea.bedei3\\Desktop\\HoloMotion\\results\\step_02b_compensation_comparison\\20260514_114031\\target_10m_current_y_1_rep_03_dvl_velocity_compensation",
  "distance_validation_warnings": [],
  "dvl_pose_sanity_check": {
    "dvl_estimated_distance_m": 10.001915236805097,
    "pose_forward_displacement_m": 9.98556137084961,
    "lateral_drift_m": 1.869956229813397,
    "lateral_drift_ratio": 0.18726600942759955,
    "opposite_signs": false,
    "warning": ""
  },
  "velocity_tracking_metric_sample_count": 1290,
  "mean_forward_velocity_error": 0.06746350160200698,
  "std_forward_velocity_error": 0.04060911701959576,
  "mean_lateral_velocity_error": -0.04283709650163339,
  "std_lateral_velocity_error": 0.038493447850916046,
  "mean_abs_lateral_velocity_error": 0.04798196809118286,
  "max_abs_lateral_velocity_error": 0.16275811195373535,
  "mean_command_effort": 2.663302507258641,
  "max_command_effort": 3.994518525775485,
  "target_distance": 10.0,
  "dvl_estimated_distance": 10.001915236805097,
  "pose_forward_displacement": 9.98556137084961,
  "pose_euclidean_displacement": 10.159142296100683,
  "longitudinal_error": -0.014438629150390625,
  "absolute_longitudinal_error": 0.014438629150390625,
  "absolute_error": 0.01635386595548738,
  "lateral_drift": 1.869956229813397,
  "final_position_error": 1.8700119720016972,
  "duration": 43.011757200000034,
  "sample_count": 1291,
  "max_dvl_forward_velocity": 0.3773114085197449,
  "mean_dvl_forward_velocity": 0.23236824655479743
}
