{
  "target_distance_m": 1.0,
  "dvl_estimated_distance_m": 1.0050786310511137,
  "pose_forward_displacement_m": 1.0208898782730103,
  "pose_ground_truth_displacement_m": 1.0417667075423063,
  "longitudinal_error_m": 0.020889878273010254,
  "absolute_longitudinal_error_m": 0.020889878273010254,
  "signed_error_m": -0.01581124722189653,
  "absolute_distance_error_m": 0.01581124722189653,
  "percentage_error": 1.5487710827972598,
  "lateral_drift_m": 0.2075132029131055,
  "final_position_error_m": 0.20856202050593217,
  "duration_s": 4.701169299999999,
  "num_samples": 142,
  "stop_reason": "target_reached",
  "target_reached": true,
  "current_x": 0.0,
  "current_y": 1.0,
  "current_z": 0.0,
  "current_magnitude": 1.0,
  "current_application_mode": "every_step",
  "current_application_calls": 152,
  "desired_forward_velocity": 0.3,
  "desired_lateral_velocity": 0.0,
  "kp_forward": 20.0,
  "kp_lateral": 12.0,
  "max_forward_command": 2.0,
  "max_lateral_command": 2.0,
  "max_thruster_command": 2.0,
  "final_clipping_applied": true,
  "dvl_forward_index": 0,
  "dvl_forward_sign": 1.0,
  "dvl_lateral_index": 1,
  "dvl_lateral_sign": 1.0,
  "elapsed_wall_clock_time_s": 4.7012488999999995,
  "time_source": "wall_clock",
  "dt_source": "wall_clock",
  "mean_dt": 0.03334162624113474,
  "std_dt": 0.00012685457114049357,
  "dt_fallback_count": 0,
  "initial_pose": {
    "x": 0.0,
    "y": 0.008119369857013226,
    "z": -4.0
  },
  "final_pose": {
    "x": 1.0208898782730103,
    "y": 0.2156325727701187,
    "z": -4.0
  },
  "average_dvl_speed_mps": 0.21379332819413968,
  "average_pose_speed": 0.22159736037209007,
  "average_pose_speed_mps": 0.22159736037209007,
  "mean_dvl_forward_velocity_mps": 0.2128664086421978,
  "max_dvl_forward_velocity_mps": 0.33695775270462036,
  "controller_type": "DVLVelocityTrackingController",
  "output_dir": "C:\\Users\\andrea.bedei3\\Desktop\\HoloMotion\\results\\step_02b_dvl_velocity_compensation\\20260514_111940",
  "distance_validation_warnings": [],
  "dvl_pose_sanity_check": {
    "dvl_estimated_distance_m": 1.0050786310511137,
    "pose_forward_displacement_m": 1.0208898782730103,
    "lateral_drift_m": 0.2075132029131055,
    "lateral_drift_ratio": 0.2032669804348981,
    "opposite_signs": false,
    "warning": ""
  },
  "velocity_tracking_metric_sample_count": 141,
  "mean_forward_velocity_error": 0.08619991763699668,
  "std_forward_velocity_error": 0.06044842229172535,
  "mean_lateral_velocity_error": -0.04486702799327268,
  "std_lateral_velocity_error": 0.03633315455736226,
  "mean_abs_lateral_velocity_error": 0.04919172226883147,
  "max_abs_lateral_velocity_error": 0.150936558842659,
  "mean_command_effort": 2.8166741788623253,
  "max_command_effort": 3.996498690949278,
  "target_distance": 1.0,
  "dvl_estimated_distance": 1.0050786310511137,
  "pose_forward_displacement": 1.0208898782730103,
  "pose_euclidean_displacement": 1.0417667075423063,
  "longitudinal_error": 0.020889878273010254,
  "absolute_longitudinal_error": 0.020889878273010254,
  "absolute_error": 0.01581124722189653,
  "lateral_drift": 0.2075132029131055,
  "final_position_error": 0.20856202050593217,
  "duration": 4.701169299999999,
  "sample_count": 142,
  "max_dvl_forward_velocity": 0.33695775270462036,
  "mean_dvl_forward_velocity": 0.2128664086421978
}
