{
  "target_distance_m": 1.0,
  "dvl_estimated_distance_m": 1.0018557511444235,
  "pose_forward_displacement_m": 0.9801388382911682,
  "pose_ground_truth_displacement_m": 0.9936050313278685,
  "longitudinal_error_m": -0.019861161708831787,
  "absolute_longitudinal_error_m": 0.019861161708831787,
  "signed_error_m": 0.021716912853255277,
  "absolute_distance_error_m": 0.021716912853255277,
  "percentage_error": 2.2156976139337385,
  "lateral_drift_m": 0.16303010750561953,
  "final_position_error_m": 0.16423544592358322,
  "duration_s": 4.4677551,
  "num_samples": 135,
  "stop_reason": "target_reached",
  "target_reached": true,
  "current_x": 0.0,
  "current_y": 1.0,
  "current_z": 0.0,
  "current_magnitude": 1.0,
  "current_application_mode": "every_step",
  "current_application_calls": 145,
  "desired_forward_velocity": 0.3,
  "desired_lateral_velocity": 0.0,
  "kp_forward": 20.0,
  "kp_lateral": 12.0,
  "max_forward_command": 2.0,
  "max_lateral_command": 2.0,
  "dvl_forward_index": 0,
  "dvl_forward_sign": 1.0,
  "dvl_lateral_index": 1,
  "dvl_lateral_sign": 1.0,
  "elapsed_wall_clock_time_s": 4.4678528,
  "time_source": "wall_clock",
  "dt_source": "wall_clock",
  "mean_dt": 0.03334145597014925,
  "std_dt": 0.00013216144893184992,
  "dt_fallback_count": 0,
  "initial_pose": {
    "x": 0.0,
    "y": 0.008119369857013226,
    "z": -4.0
  },
  "final_pose": {
    "x": 0.9801388382911682,
    "y": 0.17114947736263275,
    "z": -4.0
  },
  "average_dvl_speed_mps": 0.22424142074045722,
  "average_pose_speed": 0.2223946946706789,
  "average_pose_speed_mps": 0.2223946946706789,
  "mean_dvl_forward_velocity_mps": 0.22292949184085484,
  "max_dvl_forward_velocity_mps": 0.3467509150505066,
  "controller_type": "DVLVelocityTrackingController",
  "output_dir": "C:\\Users\\andrea.bedei3\\Desktop\\HoloMotion\\results\\step_02b_dvl_velocity_compensation\\20260514_110340",
  "distance_validation_warnings": [],
  "dvl_pose_sanity_check": {
    "dvl_estimated_distance_m": 1.0018557511444235,
    "pose_forward_displacement_m": 0.9801388382911682,
    "lateral_drift_m": 0.16303010750561953,
    "lateral_drift_ratio": 0.16633368777616833,
    "opposite_signs": false,
    "warning": ""
  },
  "mean_forward_velocity_error": 0.07707050815914517,
  "std_forward_velocity_error": 0.058263934747014974,
  "mean_lateral_velocity_error": -0.03838863328478678,
  "std_lateral_velocity_error": 0.031552530683071255,
  "mean_abs_lateral_velocity_error": 0.0417439895975231,
  "max_abs_lateral_velocity_error": 0.10133843868970871,
  "mean_command_effort": 2.8745094875163937,
  "max_command_effort": 4.589943914177366,
  "target_distance": 1.0,
  "dvl_estimated_distance": 1.0018557511444235,
  "pose_forward_displacement": 0.9801388382911682,
  "pose_euclidean_displacement": 0.9936050313278685,
  "longitudinal_error": -0.019861161708831787,
  "absolute_longitudinal_error": 0.019861161708831787,
  "absolute_error": 0.021716912853255277,
  "lateral_drift": 0.16303010750561953,
  "final_position_error": 0.16423544592358322,
  "duration": 4.4677551,
  "sample_count": 135,
  "max_dvl_forward_velocity": 0.3467509150505066,
  "mean_dvl_forward_velocity": 0.22292949184085484
}
