{
  "controller_name": "dvl_p_altitude_hold",
  "target_distance": 20.0,
  "desired_altitude": 1.5,
  "current_y": 0.5,
  "repetition": 3,
  "target_reached": true,
  "timeout": false,
  "collision": false,
  "unsafe_altitude": false,
  "invalid_ping_failure": false,
  "runtime_seconds": 83.5197928,
  "elapsed_wall_clock_time_s": 89.16221199999995,
  "final_forward_progress": 19.90711448341608,
  "final_forward_error": 0.09288551658391953,
  "final_lateral_drift": 0.990165141876787,
  "mean_altitude_error": -0.006629151103499409,
  "mean_abs_altitude_error": 0.14811956168078347,
  "rmse_altitude_error": 0.16329744882639616,
  "max_abs_altitude_error": 0.2631775140762329,
  "final_altitude_error": 0.14445459842681885,
  "min_altitude": 1.2625311613082886,
  "max_altitude": 1.763177514076233,
  "time_inside_altitude_band_percent": 72.55293647622852,
  "time_below_safe_altitude_percent": 0.0,
  "vertical_command_mean_abs": 0.0888745850224575,
  "vertical_command_max_abs": 0.15790650844573975,
  "vertical_saturation_percent": 0.0,
  "notes": "",
  "stop_reason": "target_reached",
  "output_dir": "C:\\Users\\andrea.bedei3\\Desktop\\HoloMotion\\results\\step_03_altitude_hold\\20260515_135217\\target_20m_alt_1p5m_current_y_0p5_rep_03",
  "sample_count": 2503,
  "altitude_tolerance": 0.2,
  "min_safe_altitude": 0.5,
  "kp_altitude": 0.6,
  "max_vertical_command": 0.8,
  "current_application_calls": 2513,
  "mean_dt": 0.033381212150279775,
  "std_dt": 0.0013392239312075194
}
