{
  "controller_name": "dvl_p_altitude_hold",
  "target_distance": 5.0,
  "desired_altitude": 1.5,
  "current_y": 1.0,
  "repetition": 2,
  "target_reached": true,
  "timeout": false,
  "collision": false,
  "unsafe_altitude": false,
  "invalid_ping_failure": false,
  "runtime_seconds": 21.6730441,
  "elapsed_wall_clock_time_s": 27.15278189999998,
  "final_forward_progress": 4.997218132019043,
  "final_forward_error": 0.0027818679809570312,
  "final_lateral_drift": 0.9538092957809567,
  "mean_altitude_error": 0.18777115517131376,
  "mean_abs_altitude_error": 0.202488616131784,
  "rmse_altitude_error": 0.21450022185385956,
  "max_abs_altitude_error": 0.2683643102645874,
  "final_altitude_error": 0.21909749507904053,
  "min_altitude": 1.2316356897354126,
  "max_altitude": 1.6347780227661133,
  "time_inside_altitude_band_percent": 29.80030721966206,
  "time_below_safe_altitude_percent": 0.0,
  "vertical_command_mean_abs": 0.12155567176525409,
  "vertical_command_max_abs": 0.16101858615875245,
  "vertical_saturation_percent": 0.0,
  "notes": "",
  "stop_reason": "target_reached",
  "output_dir": "C:\\Users\\andrea.bedei3\\Desktop\\HoloMotion\\results\\step_03_altitude_hold\\20260515_135217\\target_5m_alt_1p5m_current_y_1_rep_02",
  "sample_count": 651,
  "altitude_tolerance": 0.2,
  "min_safe_altitude": 0.5,
  "kp_altitude": 0.6,
  "max_vertical_command": 0.8,
  "current_application_calls": 661,
  "mean_dt": 0.03334314476923077,
  "std_dt": 0.00010263633430166813
}
