{
  "target_distance_m": 10.0,
  "dvl_estimated_distance_m": 10.009677173378956,
  "pose_forward_displacement_m": 10.016282081604004,
  "pose_ground_truth_displacement_m": 10.065872562754093,
  "longitudinal_error_m": 0.016282081604003906,
  "absolute_longitudinal_error_m": 0.016282081604003906,
  "signed_error_m": -0.006604908225048334,
  "absolute_distance_error_m": 0.006604908225048334,
  "percentage_error": 0.0659417154113398,
  "lateral_drift_m": 0.9979397333227098,
  "final_position_error_m": 0.9980725512334064,
  "duration_s": 23.940414999999916,
  "num_samples": 719,
  "stop_reason": "target_reached",
  "target_reached": true,
  "forward_command": 2.0,
  "forward_command_vector": [
    0.0,
    0.0,
    0.0,
    0.0,
    2.0,
    2.0,
    2.0,
    2.0
  ],
  "old_forward_command_default": 12.0,
  "new_forward_command_default": 2.0,
  "dvl_forward_index": 0,
  "dvl_forward_sign": 1.0,
  "warmup_ticks": 10,
  "elapsed_wall_clock_time_s": 23.94051150000007,
  "time_source": "wall_clock",
  "dt_source": "wall_clock",
  "mean_dt": 0.033343196378829966,
  "std_dt": 9.339450359067019e-05,
  "dt_fallback_count": 0,
  "speed_warning_threshold_mps": 1.0,
  "max_dvl_speed_warning_threshold_mps": 1.5,
  "mean_dvl_forward_velocity_mps": 0.41751017583461586,
  "max_dvl_forward_velocity_mps": 0.5334065556526184,
  "average_dvl_speed_mps": 0.4181079222469197,
  "average_pose_speed_mps": 0.4204552244710097,
  "mean_speed_mps": 0.4204552244710097,
  "initial_pose": {
    "x": 0.0,
    "y": 0.002058895770460367,
    "z": -4.0
  },
  "final_pose": {
    "x": 10.016282081604004,
    "y": 0.9999986290931702,
    "z": -4.0
  },
  "distance_validation_warnings": [],
  "diagnostic_distance_check": false,
  "experiment_label": "Step 2 current-distance grid",
  "current_x": 0.0,
  "current_y": 0.5,
  "current_z": 0.0,
  "current_magnitude": 0.5,
  "current_api_method": "env.set_ocean_currents(agent_name, velocity)",
  "current_application_mode": "every_step",
  "current_application_calls": 729,
  "final_lateral_offset": 0.9979397333227098,
  "summary_title": "Step 2 current-distance grid run summary",
  "output_dir": "C:\\Users\\andrea.bedei3\\Desktop\\HoloMotion\\results\\step_02_current_distance_grid\\20260514_101153\\target_10m_current_x_0_y_0p5_z_0_rep_03",
  "dvl_pose_sanity_check": {
    "dvl_estimated_distance_m": 10.009677173378956,
    "pose_forward_displacement_m": 10.016282081604004,
    "lateral_drift_m": 0.9979397333227098,
    "lateral_drift_ratio": 0.09963175210046601,
    "opposite_signs": false,
    "warning": ""
  },
  "current_warning": "",
  "target_distance": 10.0,
  "dvl_estimated_distance": 10.009677173378956,
  "pose_forward_displacement": 10.016282081604004,
  "pose_euclidean_displacement": 10.065872562754093,
  "longitudinal_error": 0.016282081604003906,
  "absolute_longitudinal_error": 0.016282081604003906,
  "absolute_error": 0.006604908225048334,
  "lateral_drift": 0.9979397333227098,
  "final_position_error": 0.9980725512334064,
  "duration": 23.940414999999916,
  "sample_count": 719,
  "average_pose_speed": 0.4204552244710097,
  "max_dvl_forward_velocity": 0.5334065556526184,
  "mean_dvl_forward_velocity": 0.41751017583461586
}
