{
  "target_distance_m": 20.0,
  "dvl_estimated_distance_m": 20.012182863245073,
  "pose_forward_displacement_m": 19.97734832763672,
  "pose_ground_truth_displacement_m": 19.996793600221647,
  "longitudinal_error_m": -0.02265167236328125,
  "absolute_longitudinal_error_m": 0.02265167236328125,
  "signed_error_m": 0.034834535608354145,
  "absolute_distance_error_m": 0.034834535608354145,
  "percentage_error": 0.17437016683622597,
  "lateral_drift_m": 0.8816507733426988,
  "final_position_error_m": 0.8819417125845859,
  "duration_s": 54.0495042,
  "num_samples": 1622,
  "stop_reason": "target_reached",
  "target_reached": true,
  "current_x": 0.0,
  "current_y": 0.5,
  "current_z": 0.0,
  "current_magnitude": 0.5,
  "current_application_mode": "every_step",
  "current_application_calls": 1632,
  "desired_forward_velocity": 0.5,
  "desired_lateral_velocity": 0.0,
  "kp_forward": 20.0,
  "kp_lateral": 12.0,
  "max_forward_command": 2.0,
  "max_lateral_command": 2.0,
  "max_thruster_command": 2.0,
  "final_clipping_applied": true,
  "dvl_forward_index": 0,
  "dvl_forward_sign": 1.0,
  "dvl_lateral_index": 1,
  "dvl_lateral_sign": 1.0,
  "elapsed_wall_clock_time_s": 54.04960519999986,
  "time_source": "wall_clock",
  "dt_source": "wall_clock",
  "mean_dt": 0.03334330919185688,
  "std_dt": 0.00012362615206306662,
  "dt_fallback_count": 0,
  "initial_pose": {
    "x": 0.0,
    "y": 0.002058895770460367,
    "z": -4.0
  },
  "final_pose": {
    "x": 19.97734832763672,
    "y": 0.8837096691131592,
    "z": -4.0
  },
  "average_dvl_speed_mps": 0.3702565483152956,
  "average_pose_speed": 0.36997182298337616,
  "average_pose_speed_mps": 0.36997182298337616,
  "mean_dvl_forward_velocity_mps": 0.37000835848611613,
  "max_dvl_forward_velocity_mps": 0.47956356406211853,
  "controller_type": "DVLVelocityTrackingController",
  "output_dir": "C:\\Users\\andrea.bedei3\\Desktop\\HoloMotion\\results\\step_02c_pi_compensation_comparison\\20260515_111553\\target_20m_current_y_0p5_rep_01_dvl_velocity_compensation",
  "distance_validation_warnings": [],
  "dvl_pose_sanity_check": {
    "dvl_estimated_distance_m": 20.012182863245073,
    "pose_forward_displacement_m": 19.97734832763672,
    "lateral_drift_m": 0.8816507733426988,
    "lateral_drift_ratio": 0.0441325224390777,
    "opposite_signs": false,
    "warning": ""
  },
  "velocity_tracking_metric_sample_count": 1621,
  "mean_forward_velocity_error": 0.1297433171317873,
  "std_forward_velocity_error": 0.04834571879169575,
  "mean_lateral_velocity_error": -0.01711649436417832,
  "std_lateral_velocity_error": 0.036945885005908334,
  "mean_abs_lateral_velocity_error": 0.032878103640771705,
  "max_abs_lateral_velocity_error": 0.1573537141084671,
  "mean_command_effort": 3.5080840956046555,
  "max_command_effort": 3.999834308071091,
  "target_distance": 20.0,
  "dvl_estimated_distance": 20.012182863245073,
  "pose_forward_displacement": 19.97734832763672,
  "pose_euclidean_displacement": 19.996793600221647,
  "longitudinal_error": -0.02265167236328125,
  "absolute_longitudinal_error": 0.02265167236328125,
  "absolute_error": 0.034834535608354145,
  "lateral_drift": 0.8816507733426988,
  "final_position_error": 0.8819417125845859,
  "duration": 54.0495042,
  "sample_count": 1622,
  "max_dvl_forward_velocity": 0.47956356406211853,
  "mean_dvl_forward_velocity": 0.37000835848611613
}
