{
  "target_distance_m": 20.0,
  "dvl_estimated_distance_m": 20.004997229875467,
  "pose_forward_displacement_m": 20.029706954956055,
  "pose_ground_truth_displacement_m": 20.958567688474215,
  "longitudinal_error_m": 0.029706954956054688,
  "absolute_longitudinal_error_m": 0.029706954956054688,
  "signed_error_m": -0.02470972508058722,
  "absolute_distance_error_m": 0.02470972508058722,
  "percentage_error": 0.12336538490630869,
  "lateral_drift_m": 6.1702835308387876,
  "final_position_error_m": 6.170355042792362,
  "duration_s": 49.11347169999999,
  "num_samples": 1474,
  "stop_reason": "target_reached",
  "target_reached": true,
  "forward_command": 2.0,
  "forward_command_vector": [
    0.0,
    0.0,
    0.0,
    0.0,
    2.0,
    2.0,
    2.0,
    2.0
  ],
  "old_forward_command_default": 12.0,
  "new_forward_command_default": 2.0,
  "dvl_forward_index": 0,
  "dvl_forward_sign": 1.0,
  "warmup_ticks": 10,
  "elapsed_wall_clock_time_s": 49.11358820000001,
  "time_source": "wall_clock",
  "dt_source": "wall_clock",
  "mean_dt": 0.033342479090291914,
  "std_dt": 0.00011342660958106803,
  "dt_fallback_count": 0,
  "speed_warning_threshold_mps": 1.0,
  "max_dvl_speed_warning_threshold_mps": 1.5,
  "mean_dvl_forward_velocity_mps": 0.40709900492587436,
  "max_dvl_forward_velocity_mps": 0.5448089241981506,
  "average_dvl_speed_mps": 0.4073219940970997,
  "average_pose_speed_mps": 0.4267376539067634,
  "mean_speed_mps": 0.4267376539067634,
  "initial_pose": {
    "x": 0.0,
    "y": 0.008119369857013226,
    "z": -4.0
  },
  "final_pose": {
    "x": 20.029706954956055,
    "y": 6.178402900695801,
    "z": -4.0
  },
  "distance_validation_warnings": [],
  "diagnostic_distance_check": false,
  "experiment_label": "Step 2B comparison no-compensation",
  "current_x": 0.0,
  "current_y": 1.0,
  "current_z": 0.0,
  "current_magnitude": 1.0,
  "current_api_method": "env.set_ocean_currents(agent_name, velocity)",
  "current_application_mode": "every_step",
  "current_application_calls": 1484,
  "final_lateral_offset": 6.1702835308387876,
  "summary_title": "Step 2B comparison no-compensation summary",
  "output_dir": "results\\step_02b_compensation_comparison\\20260514_114031\\target_20m_current_y_1_rep_03_no_compensation",
  "dvl_pose_sanity_check": {
    "dvl_estimated_distance_m": 20.004997229875467,
    "pose_forward_displacement_m": 20.029706954956055,
    "lateral_drift_m": 6.1702835308387876,
    "lateral_drift_ratio": 0.30805660535697665,
    "opposite_signs": false,
    "warning": ""
  },
  "current_warning": "",
  "target_distance": 20.0,
  "dvl_estimated_distance": 20.004997229875467,
  "pose_forward_displacement": 20.029706954956055,
  "pose_euclidean_displacement": 20.958567688474215,
  "longitudinal_error": 0.029706954956054688,
  "absolute_longitudinal_error": 0.029706954956054688,
  "absolute_error": 0.02470972508058722,
  "lateral_drift": 6.1702835308387876,
  "final_position_error": 6.170355042792362,
  "duration": 49.11347169999999,
  "sample_count": 1474,
  "average_pose_speed": 0.4267376539067634,
  "max_dvl_forward_velocity": 0.5448089241981506,
  "mean_dvl_forward_velocity": 0.40709900492587436
}
