{
  "target_distance_m": 5.0,
  "dvl_estimated_distance_m": 5.005354961246126,
  "pose_forward_displacement_m": 4.988628387451172,
  "pose_ground_truth_displacement_m": 5.072511850103125,
  "longitudinal_error_m": -0.011371612548828125,
  "absolute_longitudinal_error_m": 0.011371612548828125,
  "signed_error_m": 0.016726573794954014,
  "absolute_distance_error_m": 0.016726573794954014,
  "percentage_error": 0.33529404268775537,
  "lateral_drift_m": 0.918674741871655,
  "final_position_error_m": 0.9187451196740654,
  "duration_s": 15.570760399999983,
  "num_samples": 468,
  "stop_reason": "target_reached",
  "target_reached": true,
  "current_x": 0.0,
  "current_y": 1.0,
  "current_z": 0.0,
  "current_magnitude": 1.0,
  "current_application_mode": "every_step",
  "current_application_calls": 478,
  "desired_forward_velocity": 0.5,
  "desired_lateral_velocity": 0.0,
  "kp_forward": 20.0,
  "kp_lateral": 12.0,
  "max_forward_command": 2.0,
  "max_lateral_command": 2.0,
  "max_thruster_command": 2.0,
  "final_clipping_applied": true,
  "dvl_forward_index": 0,
  "dvl_forward_sign": 1.0,
  "dvl_lateral_index": 1,
  "dvl_lateral_sign": 1.0,
  "elapsed_wall_clock_time_s": 15.57087660000002,
  "time_source": "wall_clock",
  "dt_source": "wall_clock",
  "mean_dt": 0.03334209935760168,
  "std_dt": 0.0001396477800123366,
  "dt_fallback_count": 0,
  "initial_pose": {
    "x": 0.0,
    "y": 0.008119369857013226,
    "z": -4.0
  },
  "final_pose": {
    "x": 4.988628387451172,
    "y": 0.9267941117286682,
    "z": -4.0
  },
  "average_dvl_speed_mps": 0.3214586078433351,
  "average_pose_speed": 0.3257716206398713,
  "average_pose_speed_mps": 0.3257716206398713,
  "mean_dvl_forward_velocity_mps": 0.3207612159825129,
  "max_dvl_forward_velocity_mps": 0.49447891116142273,
  "controller_type": "DVLVelocityTrackingController",
  "output_dir": "C:\\Users\\andrea.bedei3\\Desktop\\HoloMotion\\results\\step_02b_compensation_comparison\\20260515_103529\\target_5m_current_y_1_rep_01_dvl_velocity_compensation",
  "distance_validation_warnings": [],
  "dvl_pose_sanity_check": {
    "dvl_estimated_distance_m": 5.005354961246126,
    "pose_forward_displacement_m": 4.988628387451172,
    "lateral_drift_m": 0.918674741871655,
    "lateral_drift_ratio": 0.18415377344653874,
    "opposite_signs": false,
    "warning": ""
  },
  "velocity_tracking_metric_sample_count": 467,
  "mean_forward_velocity_error": 0.1785335832093972,
  "std_forward_velocity_error": 0.06087651709482683,
  "mean_lateral_velocity_error": -0.055882013394300385,
  "std_lateral_velocity_error": 0.03791373936203739,
  "mean_abs_lateral_velocity_error": 0.05823565592801514,
  "max_abs_lateral_velocity_error": 0.15740586817264557,
  "mean_command_effort": 3.393042875309963,
  "max_command_effort": 3.9998365288675406,
  "target_distance": 5.0,
  "dvl_estimated_distance": 5.005354961246126,
  "pose_forward_displacement": 4.988628387451172,
  "pose_euclidean_displacement": 5.072511850103125,
  "longitudinal_error": -0.011371612548828125,
  "absolute_longitudinal_error": 0.011371612548828125,
  "absolute_error": 0.016726573794954014,
  "lateral_drift": 0.918674741871655,
  "final_position_error": 0.9187451196740654,
  "duration": 15.570760399999983,
  "sample_count": 468,
  "max_dvl_forward_velocity": 0.49447891116142273,
  "mean_dvl_forward_velocity": 0.3207612159825129
}
