{
  "output_dir": "C:\\Users\\andrea.bedei3\\Desktop\\HoloMotion\\results\\step_02b_compensation_comparison\\20260515_103529",
  "target_distances": [
    5.0,
    10.0,
    20.0
  ],
  "current_y_values": [
    0.5,
    1.0,
    2.0
  ],
  "repetitions": 3,
  "expected_mode_runs": 54,
  "completed_mode_runs": 54,
  "complete": true,
  "desired_forward_velocity": 0.5,
  "desired_lateral_velocity": 0.0,
  "modes": [
    "no_compensation",
    "dvl_velocity_compensation"
  ],
  "groups": [
    {
      "target_distance": 5.0,
      "current_y": 0.5,
      "number_of_pairs": 3,
      "no_compensation_mean_lateral_drift": 0.49497290219490725,
      "compensation_mean_lateral_drift": 0.25562520092353225,
      "lateral_drift_reduction_percentage": 48.35571810295308,
      "no_compensation_mean_final_position_error": 0.49556022867710575,
      "compensation_mean_final_position_error": 0.25616686205679734,
      "final_position_error_reduction_percentage": 48.30762292191348,
      "no_compensation_mean_duration": 12.348652733333337,
      "compensation_mean_duration": 14.115492033333334,
      "duration_difference_s": 1.7668392999999973,
      "no_compensation_mean_absolute_error": 0.02288866379160126,
      "compensation_mean_absolute_error": 0.013947923659821745,
      "absolute_error_difference_m": -0.008940740131779515,
      "compensation_mean_abs_lateral_velocity_error": 0.03240498993146632
    },
    {
      "target_distance": 5.0,
      "current_y": 1.0,
      "number_of_pairs": 3,
      "no_compensation_mean_lateral_drift": 1.5658046550427873,
      "compensation_mean_lateral_drift": 0.9000930137311419,
      "lateral_drift_reduction_percentage": 42.51562537942858,
      "no_compensation_mean_final_position_error": 1.5658989103548417,
      "compensation_mean_final_position_error": 0.9002620507377598,
      "final_position_error_reduction_percentage": 42.50829061923575,
      "no_compensation_mean_duration": 12.915282666666664,
      "compensation_mean_duration": 15.615684799999997,
      "duration_difference_s": 2.7004021333333323,
      "no_compensation_mean_absolute_error": 0.010542451217733747,
      "compensation_mean_absolute_error": 0.02060957176722737,
      "absolute_error_difference_m": 0.010067120549493621,
      "compensation_mean_abs_lateral_velocity_error": 0.059240827722035795
    },
    {
      "target_distance": 5.0,
      "current_y": 2.0,
      "number_of_pairs": 3,
      "no_compensation_mean_lateral_drift": 5.385359620054563,
      "compensation_mean_lateral_drift": 6.381693695982297,
      "lateral_drift_reduction_percentage": -18.500790034847103,
      "no_compensation_mean_final_position_error": 5.385413870587598,
      "compensation_mean_final_position_error": 6.381695187551936,
      "final_position_error_reduction_percentage": -18.499624001147282,
      "no_compensation_mean_duration": 13.937899766666684,
      "compensation_mean_duration": 27.319007466666676,
      "duration_difference_s": 13.381107699999992,
      "no_compensation_mean_absolute_error": 0.014868239356895371,
      "compensation_mean_absolute_error": 0.003952079886654876,
      "absolute_error_difference_m": -0.010916159470240494,
      "compensation_mean_abs_lateral_velocity_error": 0.23447282128970148
    },
    {
      "target_distance": 10.0,
      "current_y": 0.5,
      "number_of_pairs": 3,
      "no_compensation_mean_lateral_drift": 0.9960107879402736,
      "compensation_mean_lateral_drift": 0.4486177739066382,
      "lateral_drift_reduction_percentage": 54.95854268462604,
      "no_compensation_mean_final_position_error": 0.9963189208742421,
      "compensation_mean_final_position_error": 0.4487727586442372,
      "final_position_error_reduction_percentage": 54.95691698292233,
      "no_compensation_mean_duration": 23.89588176666668,
      "compensation_mean_duration": 27.441778166666648,
      "duration_difference_s": 3.545896399999968,
      "no_compensation_mean_absolute_error": 0.023931118974177917,
      "compensation_mean_absolute_error": 0.0116356468133579,
      "absolute_error_difference_m": -0.012295472160820017,
      "compensation_mean_abs_lateral_velocity_error": 0.03291951827613785
    },
    {
      "target_distance": 10.0,
      "current_y": 1.0,
      "number_of_pairs": 3,
      "no_compensation_mean_lateral_drift": 3.1039295739804706,
      "compensation_mean_lateral_drift": 1.7580629335716367,
      "lateral_drift_reduction_percentage": 43.360089471453385,
      "no_compensation_mean_final_position_error": 3.1040774803663123,
      "compensation_mean_final_position_error": 1.758744797210154,
      "final_position_error_reduction_percentage": 43.34082160208822,
      "no_compensation_mean_duration": 25.007866866666706,
      "compensation_mean_duration": 30.608916299999958,
      "duration_difference_s": 5.601049433333252,
      "no_compensation_mean_absolute_error": 0.020271472430373787,
      "compensation_mean_absolute_error": 0.03487544034573098,
      "absolute_error_difference_m": 0.014603967915357192,
      "compensation_mean_abs_lateral_velocity_error": 0.06024829158282696
    },
    {
      "target_distance": 10.0,
      "current_y": 2.0,
      "number_of_pairs": 3,
      "no_compensation_mean_lateral_drift": 10.56763507425785,
      "compensation_mean_lateral_drift": 12.696800405780474,
      "lateral_drift_reduction_percentage": -20.147983125469075,
      "no_compensation_mean_final_position_error": 10.567723711650267,
      "compensation_mean_final_position_error": 12.696891133093928,
      "final_position_error_reduction_percentage": -20.147833909552205,
      "no_compensation_mean_duration": 26.962912966666675,
      "compensation_mean_duration": 54.17091616666668,
      "duration_difference_s": 27.208003200000004,
      "no_compensation_mean_absolute_error": 0.03025894661156059,
      "compensation_mean_absolute_error": 0.04280971530133589,
      "absolute_error_difference_m": 0.012550768689775303,
      "compensation_mean_abs_lateral_velocity_error": 0.23458611246166314
    },
    {
      "target_distance": 20.0,
      "current_y": 0.5,
      "number_of_pairs": 3,
      "no_compensation_mean_lateral_drift": 1.9966402527255316,
      "compensation_mean_lateral_drift": 0.9323951678040127,
      "lateral_drift_reduction_percentage": 53.301794525516634,
      "no_compensation_mean_final_position_error": 1.9972289094202365,
      "compensation_mean_final_position_error": 0.935927763777018,
      "final_position_error_reduction_percentage": 53.13868333456565,
      "no_compensation_mean_duration": 46.95825066666672,
      "compensation_mean_duration": 53.98505506666667,
      "duration_difference_s": 7.026804399999946,
      "no_compensation_mean_absolute_error": 0.0422361443777722,
      "compensation_mean_absolute_error": 0.08004573181530954,
      "absolute_error_difference_m": 0.03780958743753734,
      "compensation_mean_abs_lateral_velocity_error": 0.032351512623524495
    },
    {
      "target_distance": 20.0,
      "current_y": 1.0,
      "number_of_pairs": 3,
      "no_compensation_mean_lateral_drift": 6.17169719406714,
      "compensation_mean_lateral_drift": 3.4963800655677915,
      "lateral_drift_reduction_percentage": 43.348159256276126,
      "no_compensation_mean_final_position_error": 6.171898918051156,
      "compensation_mean_final_position_error": 3.4966713736287107,
      "final_position_error_reduction_percentage": 43.34529097030606,
      "no_compensation_mean_duration": 49.125000766666666,
      "compensation_mean_duration": 60.19486166666676,
      "duration_difference_s": 11.069860900000094,
      "no_compensation_mean_absolute_error": 0.033700009495744844,
      "compensation_mean_absolute_error": 0.03392540620383736,
      "absolute_error_difference_m": 0.00022539670809251788,
      "compensation_mean_abs_lateral_velocity_error": 0.059831210380006446
    },
    {
      "target_distance": 20.0,
      "current_y": 2.0,
      "number_of_pairs": 3,