{
  "target_distance_m": 20.0,
  "dvl_estimated_distance_m": 14.02462798051132,
  "pose_forward_displacement_m": 13.95779800415039,
  "pose_ground_truth_displacement_m": 14.196700536492303,
  "longitudinal_error_m": -6.042201995849609,
  "absolute_longitudinal_error_m": 6.042201995849609,
  "signed_error_m": 0.06682997636093013,
  "absolute_distance_error_m": 0.06682997636093013,
  "percentage_error": 0.47880028311813977,
  "lateral_drift_m": 2.593488191254437,
  "final_position_error_m": 6.5752859981011635,
  "duration_s": 60.01987489999999,
  "num_samples": 1801,
  "stop_reason": "timeout",
  "target_reached": false,
  "current_x": 0.0,
  "current_y": 1.0,
  "current_z": 0.0,
  "current_magnitude": 1.0,
  "current_application_mode": "every_step",
  "current_application_calls": 1811,
  "desired_forward_velocity": 0.3,
  "desired_lateral_velocity": 0.0,
  "kp_forward": 20.0,
  "kp_lateral": 12.0,
  "max_forward_command": 2.0,
  "max_lateral_command": 2.0,
  "max_thruster_command": 2.0,
  "final_clipping_applied": true,
  "dvl_forward_index": 0,
  "dvl_forward_sign": 1.0,
  "dvl_lateral_index": 1,
  "dvl_lateral_sign": 1.0,
  "elapsed_wall_clock_time_s": 60.020021499999984,
  "time_source": "wall_clock",
  "dt_source": "wall_clock",
  "mean_dt": 0.03334437494444444,
  "std_dt": 0.00011306052420329053,
  "dt_fallback_count": 0,
  "initial_pose": {
    "x": 0.0,
    "y": 0.008119369857013226,
    "z": -4.0
  },
  "final_pose": {
    "x": 13.95779800415039,
    "y": 2.60160756111145,
    "z": -4.0
  },
  "average_dvl_speed_mps": 0.23366639807027192,
  "average_pose_speed": 0.23653332433874008,
  "average_pose_speed_mps": 0.23653332433874008,
  "mean_dvl_forward_velocity_mps": 0.23350217677332225,
  "max_dvl_forward_velocity_mps": 0.37289485335350037,
  "controller_type": "DVLVelocityTrackingController",
  "output_dir": "results\\step_02b_compensation_comparison\\20260514_114031\\target_20m_current_y_1_rep_03_dvl_velocity_compensation",
  "distance_validation_warnings": [],
  "dvl_pose_sanity_check": {
    "dvl_estimated_distance_m": 14.02462798051132,
    "pose_forward_displacement_m": 13.95779800415039,
    "lateral_drift_m": 2.593488191254437,
    "lateral_drift_ratio": 0.18580926522100807,
    "opposite_signs": false,
    "warning": ""
  },
  "velocity_tracking_metric_sample_count": 1800,
  "mean_forward_velocity_error": 0.0663353469869536,
  "std_forward_velocity_error": 0.039894881322919705,
  "mean_lateral_velocity_error": -0.04211944744300025,
  "std_lateral_velocity_error": 0.036517409561564705,
  "mean_abs_lateral_velocity_error": 0.046432276044406535,
  "max_abs_lateral_velocity_error": 0.17816203832626343,
  "mean_command_effort": 2.651032567885936,
  "max_command_effort": 3.9988040032689653,
  "target_distance": 20.0,
  "dvl_estimated_distance": 14.02462798051132,
  "pose_forward_displacement": 13.95779800415039,
  "pose_euclidean_displacement": 14.196700536492303,
  "longitudinal_error": -6.042201995849609,
  "absolute_longitudinal_error": 6.042201995849609,
  "absolute_error": 0.06682997636093013,
  "lateral_drift": 2.593488191254437,
  "final_position_error": 6.5752859981011635,
  "duration": 60.01987489999999,
  "sample_count": 1801,
  "max_dvl_forward_velocity": 0.37289485335350037,
  "mean_dvl_forward_velocity": 0.23350217677332225
}
