{
  "target_distance_m": 5.0,
  "dvl_estimated_distance_m": 5.004625042183914,
  "pose_forward_displacement_m": 5.0113606452941895,
  "pose_ground_truth_displacement_m": 5.017613056412716,
  "longitudinal_error_m": 0.011360645294189453,
  "absolute_longitudinal_error_m": 0.011360645294189453,
  "signed_error_m": -0.006735603110275434,
  "absolute_distance_error_m": 0.006735603110275434,
  "percentage_error": 0.1344066728983147,
  "lateral_drift_m": 0.2504101968370378,
  "final_position_error_m": 0.25066777004925145,
  "duration_s": 14.17050420000001,
  "num_samples": 426,
  "stop_reason": "target_reached",
  "target_reached": true,
  "current_x": 0.0,
  "current_y": 0.5,
  "current_z": 0.0,
  "current_magnitude": 0.5,
  "current_application_mode": "every_step",
  "current_application_calls": 436,
  "desired_forward_velocity": 0.5,
  "desired_lateral_velocity": 0.0,
  "kp_forward": 20.0,
  "kp_lateral": 12.0,
  "max_forward_command": 2.0,
  "max_lateral_command": 2.0,
  "max_thruster_command": 2.0,
  "final_clipping_applied": true,
  "dvl_forward_index": 0,
  "dvl_forward_sign": 1.0,
  "dvl_lateral_index": 1,
  "dvl_lateral_sign": 1.0,
  "elapsed_wall_clock_time_s": 14.170619099999982,
  "time_source": "wall_clock",
  "dt_source": "wall_clock",
  "mean_dt": 0.03334236282352944,
  "std_dt": 8.838392151651572e-05,
  "dt_fallback_count": 0,
  "initial_pose": {
    "x": 0.0,
    "y": 0.002058895770460367,
    "z": -4.0
  },
  "final_pose": {
    "x": 5.0113606452941895,
    "y": 0.25246909260749817,
    "z": -4.0
  },
  "average_dvl_speed_mps": 0.3531719811482721,
  "average_pose_speed": 0.35408853387254297,
  "average_pose_speed_mps": 0.35408853387254297,
  "mean_dvl_forward_velocity_mps": 0.35228736097640206,
  "max_dvl_forward_velocity_mps": 0.49711471796035767,
  "controller_type": "DVLVelocityTrackingController",
  "output_dir": "C:\\Users\\andrea.bedei3\\Desktop\\HoloMotion\\results\\step_02c_pi_compensation_comparison\\20260515_111553\\target_5m_current_y_0p5_rep_03_dvl_velocity_compensation",
  "distance_validation_warnings": [],
  "dvl_pose_sanity_check": {
    "dvl_estimated_distance_m": 5.004625042183914,
    "pose_forward_displacement_m": 5.0113606452941895,
    "lateral_drift_m": 0.2504101968370378,
    "lateral_drift_ratio": 0.04996850447636015,
    "opposite_signs": false,
    "warning": ""
  },
  "velocity_tracking_metric_sample_count": 425,
  "mean_forward_velocity_error": 0.1468230905887835,
  "std_forward_velocity_error": 0.07070282931213977,
  "mean_lateral_velocity_error": -0.01718545717721367,
  "std_lateral_velocity_error": 0.03894861157535011,
  "mean_abs_lateral_velocity_error": 0.03424202043631607,
  "max_abs_lateral_velocity_error": 0.1553056389093399,
  "mean_command_effort": 3.5157414960967595,
  "max_command_effort": 3.9948493664730824,
  "target_distance": 5.0,
  "dvl_estimated_distance": 5.004625042183914,
  "pose_forward_displacement": 5.0113606452941895,
  "pose_euclidean_displacement": 5.017613056412716,
  "longitudinal_error": 0.011360645294189453,
  "absolute_longitudinal_error": 0.011360645294189453,
  "absolute_error": 0.006735603110275434,
  "lateral_drift": 0.2504101968370378,
  "final_position_error": 0.25066777004925145,
  "duration": 14.17050420000001,
  "sample_count": 426,
  "max_dvl_forward_velocity": 0.49711471796035767,
  "mean_dvl_forward_velocity": 0.35228736097640206
}
