{
  "target_distance_m": 5.0,
  "dvl_estimated_distance_m": 5.000698563758382,
  "pose_forward_displacement_m": 4.9316840171813965,
  "pose_ground_truth_displacement_m": 5.0098579542523165,
  "longitudinal_error_m": -0.06831598281860352,
  "absolute_longitudinal_error_m": 0.06831598281860352,
  "signed_error_m": 0.06901454657698558,
  "absolute_distance_error_m": 0.06901454657698558,
  "percentage_error": 1.39941136408065,
  "lateral_drift_m": 0.8815721618011594,
  "final_position_error_m": 0.8842152169982381,
  "duration_s": 15.404212599999994,
  "num_samples": 463,
  "stop_reason": "target_reached",
  "target_reached": true,
  "current_x": 0.0,
  "current_y": 1.0,
  "current_z": 0.0,
  "current_magnitude": 1.0,
  "current_application_mode": "every_step",
  "current_application_calls": 473,
  "desired_forward_velocity": 0.5,
  "desired_lateral_velocity": 0.0,
  "kp_forward": 20.0,
  "kp_lateral": 12.0,
  "max_forward_command": 2.0,
  "max_lateral_command": 2.0,
  "max_thruster_command": 2.0,
  "final_clipping_applied": true,
  "dvl_forward_index": 0,
  "dvl_forward_sign": 1.0,
  "dvl_lateral_index": 1,
  "dvl_lateral_sign": 1.0,
  "elapsed_wall_clock_time_s": 15.40434289999996,
  "time_source": "wall_clock",
  "dt_source": "wall_clock",
  "mean_dt": 0.0333424515151515,
  "std_dt": 0.00010382096262855822,
  "dt_fallback_count": 0,
  "initial_pose": {
    "x": 0.0,
    "y": 0.008119369857013226,
    "z": -4.0
  },
  "final_pose": {
    "x": 4.9316840171813965,
    "y": 0.8896915316581726,
    "z": -4.0
  },
  "average_dvl_speed_mps": 0.3246318843819634,
  "average_pose_speed": 0.3252264873475142,
  "average_pose_speed_mps": 0.3252264873475142,
  "mean_dvl_forward_velocity_mps": 0.323975180144991,
  "max_dvl_forward_velocity_mps": 0.4420514702796936,
  "controller_type": "DVLVelocityTrackingController",
  "output_dir": "C:\\Users\\andrea.bedei3\\Desktop\\HoloMotion\\results\\step_02c_pi_compensation_comparison\\20260515_111553\\target_5m_current_y_1_rep_03_dvl_velocity_compensation",
  "distance_validation_warnings": [],
  "dvl_pose_sanity_check": {
    "dvl_estimated_distance_m": 5.000698563758382,
    "pose_forward_displacement_m": 4.9316840171813965,
    "lateral_drift_m": 0.8815721618011594,
    "lateral_drift_ratio": 0.17875682195571888,
    "opposite_signs": false,
    "warning": ""
  },
  "velocity_tracking_metric_sample_count": 462,
  "mean_forward_velocity_error": 0.1753709562509865,
  "std_forward_velocity_error": 0.06374001789021637,
  "mean_lateral_velocity_error": -0.058071802442820813,
  "std_lateral_velocity_error": 0.03519426136488988,
  "mean_abs_lateral_velocity_error": 0.05938199775125146,
  "max_abs_lateral_velocity_error": 0.17053303122520447,
  "mean_command_effort": 3.3866837619307004,
  "max_command_effort": 3.9960394286640146,
  "target_distance": 5.0,
  "dvl_estimated_distance": 5.000698563758382,
  "pose_forward_displacement": 4.9316840171813965,
  "pose_euclidean_displacement": 5.0098579542523165,
  "longitudinal_error": -0.06831598281860352,
  "absolute_longitudinal_error": 0.06831598281860352,
  "absolute_error": 0.06901454657698558,
  "lateral_drift": 0.8815721618011594,
  "final_position_error": 0.8842152169982381,
  "duration": 15.404212599999994,
  "sample_count": 463,
  "max_dvl_forward_velocity": 0.4420514702796936,
  "mean_dvl_forward_velocity": 0.323975180144991
}
