{
  "target_distance_m": 5.0,
  "dvl_estimated_distance_m": 5.005475170393323,
  "pose_forward_displacement_m": 5.009911060333252,
  "pose_ground_truth_displacement_m": 5.015559943777514,
  "longitudinal_error_m": 0.009911060333251953,
  "absolute_longitudinal_error_m": 0.009911060333251953,
  "signed_error_m": -0.004435889939928828,
  "absolute_distance_error_m": 0.004435889939928828,
  "percentage_error": 0.08854228920450653,
  "lateral_drift_m": 0.23797629540786147,
  "final_position_error_m": 0.23818259023904143,
  "duration_s": 14.104386900000002,
  "num_samples": 424,
  "stop_reason": "target_reached",
  "target_reached": true,
  "current_x": 0.0,
  "current_y": 0.5,
  "current_z": 0.0,
  "current_magnitude": 0.5,
  "current_application_mode": "every_step",
  "current_application_calls": 434,
  "desired_forward_velocity": 0.5,
  "desired_lateral_velocity": 0.0,
  "kp_forward": 20.0,
  "kp_lateral": 12.0,
  "max_forward_command": 2.0,
  "max_lateral_command": 2.0,
  "max_thruster_command": 2.0,
  "final_clipping_applied": true,
  "dvl_forward_index": 0,
  "dvl_forward_sign": 1.0,
  "dvl_lateral_index": 1,
  "dvl_lateral_sign": 1.0,
  "elapsed_wall_clock_time_s": 14.104450999999997,
  "time_source": "wall_clock",
  "dt_source": "wall_clock",
  "mean_dt": 0.03334370425531915,
  "std_dt": 0.00010112822878898893,
  "dt_fallback_count": 0,
  "initial_pose": {
    "x": 0.0,
    "y": 0.002058895770460367,
    "z": -4.0
  },
  "final_pose": {
    "x": 5.009911060333252,
    "y": 0.24003519117832184,
    "z": -4.0
  },
  "average_dvl_speed_mps": 0.354887823617014,
  "average_pose_speed": 0.35560283331262793,
  "average_pose_speed_mps": 0.35560283331262793,
  "mean_dvl_forward_velocity_mps": 0.3541398045325757,
  "max_dvl_forward_velocity_mps": 0.4659850001335144,
  "controller_type": "DVLVelocityTrackingController",
  "output_dir": "C:\\Users\\andrea.bedei3\\Desktop\\HoloMotion\\results\\step_02c_pi_compensation_comparison\\20260515_111553\\target_5m_current_y_0p5_rep_01_dvl_velocity_compensation",
  "distance_validation_warnings": [],
  "dvl_pose_sanity_check": {
    "dvl_estimated_distance_m": 5.005475170393323,
    "pose_forward_displacement_m": 5.009911060333252,
    "lateral_drift_m": 0.23797629540786147,
    "lateral_drift_ratio": 0.047501101824356864,
    "opposite_signs": false,
    "warning": ""
  },
  "velocity_tracking_metric_sample_count": 423,
  "mean_forward_velocity_error": 0.1451102894495283,
  "std_forward_velocity_error": 0.07216065337098207,
  "mean_lateral_velocity_error": -0.0161578038846926,
  "std_lateral_velocity_error": 0.03698525610424285,
  "mean_abs_lateral_velocity_error": 0.03182845000633892,
  "max_abs_lateral_velocity_error": 0.14880172908306122,
  "mean_command_effort": 3.5319047015467757,
  "max_command_effort": 3.999710630500045,
  "target_distance": 5.0,
  "dvl_estimated_distance": 5.005475170393323,
  "pose_forward_displacement": 5.009911060333252,
  "pose_euclidean_displacement": 5.015559943777514,
  "longitudinal_error": 0.009911060333251953,
  "absolute_longitudinal_error": 0.009911060333251953,
  "absolute_error": 0.004435889939928828,
  "lateral_drift": 0.23797629540786147,
  "final_position_error": 0.23818259023904143,
  "duration": 14.104386900000002,
  "sample_count": 424,
  "max_dvl_forward_velocity": 0.4659850001335144,
  "mean_dvl_forward_velocity": 0.3541398045325757
}
