{
  "target_distance_m": 20.0,
  "dvl_estimated_distance_m": 20.004852766507515,
  "pose_forward_displacement_m": 20.074033737182617,
  "pose_ground_truth_displacement_m": 20.37983168511007,
  "longitudinal_error_m": 0.07403373718261719,
  "absolute_longitudinal_error_m": 0.07403373718261719,
  "signed_error_m": -0.06918097067510232,
  "absolute_distance_error_m": 0.06918097067510232,
  "percentage_error": 0.34462914420114865,
  "lateral_drift_m": 3.517201875336468,
  "final_position_error_m": 3.5179809587477293,
  "duration_s": 60.35104770000021,
  "num_samples": 1811,
  "stop_reason": "target_reached",
  "target_reached": true,
  "current_x": 0.0,
  "current_y": 1.0,
  "current_z": 0.0,
  "current_magnitude": 1.0,
  "current_application_mode": "every_step",
  "current_application_calls": 1821,
  "desired_forward_velocity": 0.5,
  "desired_lateral_velocity": 0.0,
  "kp_forward": 20.0,
  "kp_lateral": 12.0,
  "max_forward_command": 2.0,
  "max_lateral_command": 2.0,
  "max_thruster_command": 2.0,
  "final_clipping_applied": true,
  "dvl_forward_index": 0,
  "dvl_forward_sign": 1.0,
  "dvl_lateral_index": 1,
  "dvl_lateral_sign": 1.0,
  "elapsed_wall_clock_time_s": 60.351146999999855,
  "time_source": "wall_clock",
  "dt_source": "wall_clock",
  "mean_dt": 0.033343120276243206,
  "std_dt": 9.488400154207552e-05,
  "dt_fallback_count": 0,
  "initial_pose": {
    "x": 0.0,
    "y": 0.008119369857013226,
    "z": -4.0
  },
  "final_pose": {
    "x": 20.074033737182617,
    "y": 3.5253212451934814,
    "z": -4.0
  },
  "average_dvl_speed_mps": 0.3314748215465934,
  "average_pose_speed": 0.3376881174692515,
  "average_pose_speed_mps": 0.3376881174692515,
  "mean_dvl_forward_velocity_mps": 0.33131209577571075,
  "max_dvl_forward_velocity_mps": 0.468609482049942,
  "controller_type": "DVLVelocityTrackingController",
  "output_dir": "C:\\Users\\andrea.bedei3\\Desktop\\HoloMotion\\results\\step_02b_compensation_comparison\\20260515_103529\\target_20m_current_y_1_rep_02_dvl_velocity_compensation",
  "distance_validation_warnings": [],
  "dvl_pose_sanity_check": {
    "dvl_estimated_distance_m": 20.004852766507515,
    "pose_forward_displacement_m": 20.074033737182617,
    "lateral_drift_m": 3.517201875336468,
    "lateral_drift_ratio": 0.17521151560195128,
    "opposite_signs": false,
    "warning": ""
  },
  "velocity_tracking_metric_sample_count": 1810,
  "mean_forward_velocity_error": 0.16852915312178968,
  "std_forward_velocity_error": 0.04521699791536024,
  "mean_lateral_velocity_error": -0.0575943978511346,
  "std_lateral_velocity_error": 0.03706323909455661,
  "mean_abs_lateral_velocity_error": 0.05989788612993598,
  "max_abs_lateral_velocity_error": 0.16946367919445038,
  "mean_command_effort": 3.383964960669234,
  "max_command_effort": 3.9994759251986647,
  "target_distance": 20.0,
  "dvl_estimated_distance": 20.004852766507515,
  "pose_forward_displacement": 20.074033737182617,
  "pose_euclidean_displacement": 20.37983168511007,
  "longitudinal_error": 0.07403373718261719,
  "absolute_longitudinal_error": 0.07403373718261719,
  "absolute_error": 0.06918097067510232,
  "lateral_drift": 3.517201875336468,
  "final_position_error": 3.5179809587477293,
  "duration": 60.35104770000021,
  "sample_count": 1811,
  "max_dvl_forward_velocity": 0.468609482049942,
  "mean_dvl_forward_velocity": 0.33131209577571075
}
