{
  "target_distance_m": 20.0,
  "dvl_estimated_distance_m": 20.010925643175707,
  "pose_forward_displacement_m": 19.960540771484375,
  "pose_ground_truth_displacement_m": 20.886223774879717,
  "longitudinal_error_m": -0.039459228515625,
  "absolute_longitudinal_error_m": 0.039459228515625,
  "signed_error_m": 0.05038487169133177,
  "absolute_distance_error_m": 0.05038487169133177,
  "percentage_error": 0.25242237807159806,
  "lateral_drift_m": 6.149077628739178,
  "final_position_error_m": 6.149204234287204,
  "duration_s": 48.950244999999995,
  "num_samples": 1469,
  "stop_reason": "target_reached",
  "target_reached": true,
  "forward_command": 2.0,
  "forward_command_vector": [
    0.0,
    0.0,
    0.0,
    0.0,
    2.0,
    2.0,
    2.0,
    2.0
  ],
  "old_forward_command_default": 12.0,
  "new_forward_command_default": 2.0,
  "dvl_forward_index": 0,
  "dvl_forward_sign": 1.0,
  "warmup_ticks": 10,
  "elapsed_wall_clock_time_s": 48.95037750000006,
  "time_source": "wall_clock",
  "dt_source": "wall_clock",
  "mean_dt": 0.03334485354223433,
  "std_dt": 0.00010857395479310873,
  "dt_fallback_count": 0,
  "speed_warning_threshold_mps": 1.0,
  "max_dvl_speed_warning_threshold_mps": 1.5,
  "mean_dvl_forward_velocity_mps": 0.40853951463806765,
  "max_dvl_forward_velocity_mps": 0.559087872505188,
  "average_dvl_speed_mps": 0.4088013378314186,
  "average_pose_speed_mps": 0.4266827219124178,
  "mean_speed_mps": 0.4266827219124178,
  "initial_pose": {
    "x": 0.0,
    "y": 0.008119369857013226,
    "z": -4.0
  },
  "final_pose": {
    "x": 19.960540771484375,
    "y": 6.157196998596191,
    "z": -4.0
  },
  "distance_validation_warnings": [],
  "diagnostic_distance_check": false,
  "experiment_label": "Step 2 current-distance grid",
  "current_x": 0.0,
  "current_y": 1.0,
  "current_z": 0.0,
  "current_magnitude": 1.0,
  "current_api_method": "env.set_ocean_currents(agent_name, velocity)",
  "current_application_mode": "every_step",
  "current_application_calls": 1479,
  "final_lateral_offset": 6.149077628739178,
  "summary_title": "Step 2 current-distance grid run summary",
  "output_dir": "C:\\Users\\andrea.bedei3\\Desktop\\HoloMotion\\results\\step_02_current_distance_grid\\20260514_101153\\target_20m_current_x_0_y_1_z_0_rep_03",
  "dvl_pose_sanity_check": {
    "dvl_estimated_distance_m": 20.010925643175707,
    "pose_forward_displacement_m": 19.960540771484375,
    "lateral_drift_m": 6.149077628739178,
    "lateral_drift_ratio": 0.30806167523896694,
    "opposite_signs": false,
    "warning": ""
  },
  "current_warning": "",
  "target_distance": 20.0,
  "dvl_estimated_distance": 20.010925643175707,
  "pose_forward_displacement": 19.960540771484375,
  "pose_euclidean_displacement": 20.886223774879717,
  "longitudinal_error": -0.039459228515625,
  "absolute_longitudinal_error": 0.039459228515625,
  "absolute_error": 0.05038487169133177,
  "lateral_drift": 6.149077628739178,
  "final_position_error": 6.149204234287204,
  "duration": 48.950244999999995,
  "sample_count": 1469,
  "average_pose_speed": 0.4266827219124178,
  "max_dvl_forward_velocity": 0.559087872505188,
  "mean_dvl_forward_velocity": 0.40853951463806765
}
