{
  "target_distance_m": 5.0,
  "dvl_estimated_distance_m": 5.003616376967976,
  "pose_forward_displacement_m": 4.963467597961426,
  "pose_ground_truth_displacement_m": 4.96704731993268,
  "longitudinal_error_m": -0.03653240203857422,
  "absolute_longitudinal_error_m": 0.03653240203857422,
  "signed_error_m": 0.04014877900655023,
  "absolute_distance_error_m": 0.04014877900655023,
  "percentage_error": 0.8088856875592371,
  "lateral_drift_m": 0.18854305194690824,
  "final_position_error_m": 0.1920497301121836,
  "duration_s": 12.103298600000002,
  "num_samples": 364,
  "stop_reason": "target_reached",
  "target_reached": true,
  "forward_command": 2.0,
  "forward_command_vector": [
    0.0,
    0.0,
    0.0,
    0.0,
    2.0,
    2.0,
    2.0,
    2.0
  ],
  "old_forward_command_default": 12.0,
  "new_forward_command_default": 2.0,
  "dvl_forward_index": 0,
  "dvl_forward_sign": 1.0,
  "warmup_ticks": 10,
  "elapsed_wall_clock_time_s": 12.103406199999995,
  "time_source": "wall_clock",
  "dt_source": "wall_clock",
  "mean_dt": 0.033342420385674934,
  "std_dt": 9.076897822552246e-05,
  "dt_fallback_count": 0,
  "speed_warning_threshold_mps": 1.0,
  "max_dvl_speed_warning_threshold_mps": 1.5,
  "mean_dvl_forward_velocity_mps": 0.412299035894838,
  "max_dvl_forward_velocity_mps": 0.575061023235321,
  "average_dvl_speed_mps": 0.4134093144630816,
  "average_pose_speed_mps": 0.41038790201645353,
  "mean_speed_mps": 0.41038790201645353,
  "initial_pose": {
    "x": 0.0,
    "y": 0.0005184407345950603,
    "z": -4.0
  },
  "final_pose": {
    "x": 4.963467597961426,
    "y": 0.1890614926815033,
    "z": -4.0
  },
  "distance_validation_warnings": [],
  "diagnostic_distance_check": false,
  "experiment_label": "Step 2 current-distance grid",
  "current_x": 0.0,
  "current_y": 0.25,
  "current_z": 0.0,
  "current_magnitude": 0.25,
  "current_api_method": "env.set_ocean_currents(agent_name, velocity)",
  "current_application_mode": "every_step",
  "current_application_calls": 374,
  "final_lateral_offset": 0.18854305194690824,
  "summary_title": "Step 2 current-distance grid run summary",
  "output_dir": "C:\\Users\\andrea.bedei3\\Desktop\\HoloMotion\\results\\step_02_current_distance_grid\\20260514_101153\\target_5m_current_x_0_y_0p25_z_0_rep_03",
  "dvl_pose_sanity_check": {
    "dvl_estimated_distance_m": 5.003616376967976,
    "pose_forward_displacement_m": 4.963467597961426,
    "lateral_drift_m": 0.18854305194690824,
    "lateral_drift_ratio": 0.037986155490235464,
    "opposite_signs": false,
    "warning": ""
  },
  "current_warning": "",
  "target_distance": 5.0,
  "dvl_estimated_distance": 5.003616376967976,
  "pose_forward_displacement": 4.963467597961426,
  "pose_euclidean_displacement": 4.96704731993268,
  "longitudinal_error": -0.03653240203857422,
  "absolute_longitudinal_error": 0.03653240203857422,
  "absolute_error": 0.04014877900655023,
  "lateral_drift": 0.18854305194690824,
  "final_position_error": 0.1920497301121836,
  "duration": 12.103298600000002,
  "sample_count": 364,
  "average_pose_speed": 0.41038790201645353,
  "max_dvl_forward_velocity": 0.575061023235321,
  "mean_dvl_forward_velocity": 0.412299035894838
}
