{
  "target_distance_m": 10.0,
  "dvl_estimated_distance_m": 10.001416631537166,
  "pose_forward_displacement_m": 10.02580451965332,
  "pose_ground_truth_displacement_m": 10.176273287240488,
  "longitudinal_error_m": 0.025804519653320312,
  "absolute_longitudinal_error_m": 0.025804519653320312,
  "signed_error_m": -0.02438788811615389,
  "absolute_distance_error_m": 0.02438788811615389,
  "percentage_error": 0.24325118316786404,
  "lateral_drift_m": 1.7434969889000058,
  "final_position_error_m": 1.7436879375444236,
  "duration_s": 30.607979699999987,
  "num_samples": 919,
  "stop_reason": "target_reached",
  "target_reached": true,
  "current_x": 0.0,
  "current_y": 1.0,
  "current_z": 0.0,
  "current_magnitude": 1.0,
  "current_application_mode": "every_step",
  "current_application_calls": 929,
  "desired_forward_velocity": 0.5,
  "desired_lateral_velocity": 0.0,
  "kp_forward": 20.0,
  "kp_lateral": 12.0,
  "max_forward_command": 2.0,
  "max_lateral_command": 2.0,
  "max_thruster_command": 2.0,
  "final_clipping_applied": true,
  "dvl_forward_index": 0,
  "dvl_forward_sign": 1.0,
  "dvl_lateral_index": 1,
  "dvl_lateral_sign": 1.0,
  "elapsed_wall_clock_time_s": 30.608071999999993,
  "time_source": "wall_clock",
  "dt_source": "wall_clock",
  "mean_dt": 0.03334202581699345,
  "std_dt": 0.00015287582590563025,
  "dt_fallback_count": 0,
  "initial_pose": {
    "x": 0.0,
    "y": 0.008119369857013226,
    "z": -4.0
  },
  "final_pose": {
    "x": 10.02580451965332,
    "y": 1.751616358757019,
    "z": -4.0
  },
  "average_dvl_speed_mps": 0.32675847048922246,
  "average_pose_speed": 0.3324712505360323,
  "average_pose_speed_mps": 0.3324712505360323,
  "mean_dvl_forward_velocity_mps": 0.32641475340929105,
  "max_dvl_forward_velocity_mps": 0.4470135569572449,
  "controller_type": "DVLVelocityTrackingController",
  "output_dir": "C:\\Users\\andrea.bedei3\\Desktop\\HoloMotion\\results\\step_02b_compensation_comparison\\20260515_103529\\target_10m_current_y_1_rep_03_dvl_velocity_compensation",
  "distance_validation_warnings": [],
  "dvl_pose_sanity_check": {
    "dvl_estimated_distance_m": 10.001416631537166,
    "pose_forward_displacement_m": 10.02580451965332,
    "lateral_drift_m": 1.7434969889000058,
    "lateral_drift_ratio": 0.1739009558267643,
    "opposite_signs": false,
    "warning": ""
  },
  "velocity_tracking_metric_sample_count": 918,
  "mean_forward_velocity_error": 0.17324312507988548,
  "std_forward_velocity_error": 0.05057529494593246,
  "mean_lateral_velocity_error": -0.058667658971372,
  "std_lateral_velocity_error": 0.037184752602529285,
  "mean_abs_lateral_velocity_error": 0.06054549745673594,
  "max_abs_lateral_velocity_error": 0.19519776105880737,
  "mean_command_effort": 3.381234574782969,
  "max_command_effort": 3.9979777049392977,
  "target_distance": 10.0,
  "dvl_estimated_distance": 10.001416631537166,
  "pose_forward_displacement": 10.02580451965332,
  "pose_euclidean_displacement": 10.176273287240488,
  "longitudinal_error": 0.025804519653320312,
  "absolute_longitudinal_error": 0.025804519653320312,
  "absolute_error": 0.02438788811615389,
  "lateral_drift": 1.7434969889000058,
  "final_position_error": 1.7436879375444236,
  "duration": 30.607979699999987,
  "sample_count": 919,
  "max_dvl_forward_velocity": 0.4470135569572449,
  "mean_dvl_forward_velocity": 0.32641475340929105
}
