{
  "target_distance_m": 20.0,
  "dvl_estimated_distance_m": 20.008068285479823,
  "pose_forward_displacement_m": 19.987125396728516,
  "pose_ground_truth_displacement_m": 20.28609784106603,
  "longitudinal_error_m": -0.012874603271484375,
  "absolute_longitudinal_error_m": 0.012874603271484375,
  "signed_error_m": 0.02094288875130701,
  "absolute_distance_error_m": 0.02094288875130701,
  "percentage_error": 0.10478189502295779,
  "lateral_drift_m": 3.4699544655159116,
  "final_position_error_m": 3.469978349811885,
  "duration_s": 60.08386850000011,
  "num_samples": 1803,
  "stop_reason": "target_reached",
  "target_reached": true,
  "current_x": 0.0,
  "current_y": 1.0,
  "current_z": 0.0,
  "current_magnitude": 1.0,
  "current_application_mode": "every_step",
  "current_application_calls": 1813,
  "desired_forward_velocity": 0.5,
  "desired_lateral_velocity": 0.0,
  "kp_forward": 20.0,
  "kp_lateral": 12.0,
  "max_forward_command": 2.0,
  "max_lateral_command": 2.0,
  "max_thruster_command": 2.0,
  "final_clipping_applied": true,
  "dvl_forward_index": 0,
  "dvl_forward_sign": 1.0,
  "dvl_lateral_index": 1,
  "dvl_lateral_sign": 1.0,
  "elapsed_wall_clock_time_s": 60.08399129999998,
  "time_source": "wall_clock",
  "dt_source": "wall_clock",
  "mean_dt": 0.03334287930077697,
  "std_dt": 0.00010672250749020619,
  "dt_fallback_count": 0,
  "initial_pose": {
    "x": 0.0,
    "y": 0.008119369857013226,
    "z": -4.0
  },
  "final_pose": {
    "x": 19.987125396728516,
    "y": 3.478073835372925,
    "z": -4.0
  },
  "average_dvl_speed_mps": 0.333002331324252,
  "average_pose_speed": 0.3376296890914405,
  "average_pose_speed_mps": 0.3376296890914405,
  "mean_dvl_forward_velocity_mps": 0.33282241584134975,
  "max_dvl_forward_velocity_mps": 0.4453737735748291,
  "controller_type": "DVLVelocityTrackingController",
  "output_dir": "C:\\Users\\andrea.bedei3\\Desktop\\HoloMotion\\results\\step_02b_compensation_comparison\\20260515_103529\\target_20m_current_y_1_rep_03_dvl_velocity_compensation",
  "distance_validation_warnings": [],
  "dvl_pose_sanity_check": {
    "dvl_estimated_distance_m": 20.008068285479823,
    "pose_forward_displacement_m": 19.987125396728516,
    "lateral_drift_m": 3.4699544655159116,
    "lateral_drift_ratio": 0.17360948093535614,
    "opposite_signs": false,
    "warning": ""
  },
  "velocity_tracking_metric_sample_count": 1802,
  "mean_forward_velocity_error": 0.16699794008521637,
  "std_forward_velocity_error": 0.044699747183185895,
  "mean_lateral_velocity_error": -0.05815305028894491,
  "std_lateral_velocity_error": 0.03753141788851241,
  "mean_abs_lateral_velocity_error": 0.059998983669538174,
  "max_abs_lateral_velocity_error": 0.18488548696041107,
  "mean_command_effort": 3.3870153827082565,
  "max_command_effort": 3.9998817449905744,
  "target_distance": 20.0,
  "dvl_estimated_distance": 20.008068285479823,
  "pose_forward_displacement": 19.987125396728516,
  "pose_euclidean_displacement": 20.28609784106603,
  "longitudinal_error": -0.012874603271484375,
  "absolute_longitudinal_error": 0.012874603271484375,
  "absolute_error": 0.02094288875130701,
  "lateral_drift": 3.4699544655159116,
  "final_position_error": 3.469978349811885,
  "duration": 60.08386850000011,
  "sample_count": 1803,
  "max_dvl_forward_velocity": 0.4453737735748291,
  "mean_dvl_forward_velocity": 0.33282241584134975
}
