{
  "target_distance_m": 20.0,
  "dvl_estimated_distance_m": 20.000582539311107,
  "pose_forward_displacement_m": 19.95966911315918,
  "pose_ground_truth_displacement_m": 20.262424339958702,
  "longitudinal_error_m": -0.04033088684082031,
  "absolute_longitudinal_error_m": 0.04033088684082031,
  "signed_error_m": 0.04091342615192772,
  "absolute_distance_error_m": 0.04091342615192772,
  "percentage_error": 0.20498048299284669,
  "lateral_drift_m": 3.489620183594525,
  "final_position_error_m": 3.4898532356223306,
  "duration_s": 60.11747719999994,
  "num_samples": 1804,
  "stop_reason": "target_reached",
  "target_reached": true,
  "current_x": 0.0,
  "current_y": 1.0,
  "current_z": 0.0,
  "current_magnitude": 1.0,
  "current_application_mode": "every_step",
  "current_application_calls": 1814,
  "desired_forward_velocity": 0.5,
  "desired_lateral_velocity": 0.0,
  "kp_forward": 20.0,
  "kp_lateral": 12.0,
  "max_forward_command": 2.0,
  "max_lateral_command": 2.0,
  "max_thruster_command": 2.0,
  "final_clipping_applied": true,
  "dvl_forward_index": 0,
  "dvl_forward_sign": 1.0,
  "dvl_lateral_index": 1,
  "dvl_lateral_sign": 1.0,
  "elapsed_wall_clock_time_s": 60.11756480000031,
  "time_source": "wall_clock",
  "dt_source": "wall_clock",
  "mean_dt": 0.033343026733222376,
  "std_dt": 9.030200961248216e-05,
  "dt_fallback_count": 0,
  "initial_pose": {
    "x": 0.0,
    "y": 0.008119369857013226,
    "z": -4.0
  },
  "final_pose": {
    "x": 19.95966911315918,
    "y": 3.497739553451538,
    "z": -4.0
  },
  "average_dvl_speed_mps": 0.3326916476014587,
  "average_pose_speed": 0.3370471497423169,
  "average_pose_speed_mps": 0.3370471497423169,
  "mean_dvl_forward_velocity_mps": 0.332503273954074,
  "max_dvl_forward_velocity_mps": 0.4921085834503174,
  "controller_type": "DVLVelocityTrackingController",
  "output_dir": "C:\\Users\\andrea.bedei3\\Desktop\\HoloMotion\\results\\step_02c_pi_compensation_comparison\\20260515_111553\\target_20m_current_y_1_rep_03_dvl_velocity_compensation",
  "distance_validation_warnings": [],
  "dvl_pose_sanity_check": {
    "dvl_estimated_distance_m": 20.000582539311107,
    "pose_forward_displacement_m": 19.95966911315918,
    "lateral_drift_m": 3.489620183594525,
    "lateral_drift_ratio": 0.17483356882373657,
    "opposite_signs": false,
    "warning": ""
  },
  "velocity_tracking_metric_sample_count": 1803,
  "mean_forward_velocity_error": 0.16730853323672323,
  "std_forward_velocity_error": 0.04607381733094074,
  "mean_lateral_velocity_error": -0.0577509679098771,
  "std_lateral_velocity_error": 0.03746104405097346,
  "mean_abs_lateral_velocity_error": 0.06006099016705913,
  "max_abs_lateral_velocity_error": 0.16783560812473297,
  "mean_command_effort": 3.3802682410115175,
  "max_command_effort": 3.9972829548649225,
  "target_distance": 20.0,
  "dvl_estimated_distance": 20.000582539311107,
  "pose_forward_displacement": 19.95966911315918,
  "pose_euclidean_displacement": 20.262424339958702,
  "longitudinal_error": -0.04033088684082031,
  "absolute_longitudinal_error": 0.04033088684082031,
  "absolute_error": 0.04091342615192772,
  "lateral_drift": 3.489620183594525,
  "final_position_error": 3.4898532356223306,
  "duration": 60.11747719999994,
  "sample_count": 1804,
  "max_dvl_forward_velocity": 0.4921085834503174,
  "mean_dvl_forward_velocity": 0.332503273954074
}
