{
  "target_distance_m": 5.0,
  "dvl_estimated_distance_m": 5.012093056382097,
  "pose_forward_displacement_m": 4.965092182159424,
  "pose_ground_truth_displacement_m": 5.2019047040875845,
  "longitudinal_error_m": -0.03490781784057617,
  "absolute_longitudinal_error_m": 0.03490781784057617,
  "signed_error_m": 0.04700087422267352,
  "absolute_distance_error_m": 0.04700087422267352,
  "percentage_error": 0.9466264169587248,
  "lateral_drift_m": 1.5516675459221005,
  "final_position_error_m": 1.5520601563129905,
  "duration_s": 12.803770299999996,
  "num_samples": 385,
  "stop_reason": "target_reached",
  "target_reached": true,
  "forward_command": 2.0,
  "forward_command_vector": [
    0.0,
    0.0,
    0.0,
    0.0,
    2.0,
    2.0,
    2.0,
    2.0
  ],
  "old_forward_command_default": 12.0,
  "new_forward_command_default": 2.0,
  "dvl_forward_index": 0,
  "dvl_forward_sign": 1.0,
  "warmup_ticks": 10,
  "elapsed_wall_clock_time_s": 12.803873799999991,
  "time_source": "wall_clock",
  "dt_source": "wall_clock",
  "mean_dt": 0.03334315182291666,
  "std_dt": 0.0001663686518850808,
  "dt_fallback_count": 0,
  "speed_warning_threshold_mps": 1.0,
  "max_dvl_speed_warning_threshold_mps": 1.5,
  "mean_dvl_forward_velocity_mps": 0.39044057131297405,
  "max_dvl_forward_velocity_mps": 0.5214377641677856,
  "average_dvl_speed_mps": 0.39145446528215977,
  "average_pose_speed_mps": 0.4062791335836122,
  "mean_speed_mps": 0.4062791335836122,
  "initial_pose": {
    "x": 0.0,
    "y": 0.008119369857013226,
    "z": -4.0
  },
  "final_pose": {
    "x": 4.965092182159424,
    "y": 1.5597869157791138,
    "z": -4.0
  },
  "distance_validation_warnings": [],
  "diagnostic_distance_check": false,
  "experiment_label": "Step 2 current-distance grid",
  "current_x": 0.0,
  "current_y": 1.0,
  "current_z": 0.0,
  "current_magnitude": 1.0,
  "current_api_method": "env.set_ocean_currents(agent_name, velocity)",
  "current_application_mode": "every_step",
  "current_application_calls": 395,
  "final_lateral_offset": 1.5516675459221005,
  "summary_title": "Step 2 current-distance grid run summary",
  "output_dir": "C:\\Users\\andrea.bedei3\\Desktop\\HoloMotion\\results\\step_02_current_distance_grid\\20260514_101153\\target_5m_current_x_0_y_1_z_0_rep_03",
  "dvl_pose_sanity_check": {
    "dvl_estimated_distance_m": 5.012093056382097,
    "pose_forward_displacement_m": 4.965092182159424,
    "lateral_drift_m": 1.5516675459221005,
    "lateral_drift_ratio": 0.3125153550013743,
    "opposite_signs": false,
    "warning": ""
  },
  "current_warning": "",
  "target_distance": 5.0,
  "dvl_estimated_distance": 5.012093056382097,
  "pose_forward_displacement": 4.965092182159424,
  "pose_euclidean_displacement": 5.2019047040875845,
  "longitudinal_error": -0.03490781784057617,
  "absolute_longitudinal_error": 0.03490781784057617,
  "absolute_error": 0.04700087422267352,
  "lateral_drift": 1.5516675459221005,
  "final_position_error": 1.5520601563129905,
  "duration": 12.803770299999996,
  "sample_count": 385,
  "average_pose_speed": 0.4062791335836122,
  "max_dvl_forward_velocity": 0.5214377641677856,
  "mean_dvl_forward_velocity": 0.39044057131297405
}
