{
  "target_distance_m": 1.0,
  "dvl_estimated_distance_m": 1.0019844283274497,
  "pose_forward_displacement_m": 0.9743315577507019,
  "pose_ground_truth_displacement_m": 1.0368170797492127,
  "longitudinal_error_m": -0.025668442249298096,
  "absolute_longitudinal_error_m": 0.025668442249298096,
  "signed_error_m": 0.027652870576747812,
  "absolute_distance_error_m": 0.027652870576747812,
  "percentage_error": 2.8381376295135086,
  "lateral_drift_m": 0.35449636448174715,
  "final_position_error_m": 0.35542445239218035,
  "duration_s": 6.3016427,
  "num_samples": 190,
  "stop_reason": "target_reached",
  "target_reached": true,
  "current_x": 0.0,
  "current_y": 1.0,
  "current_z": 0.0,
  "current_magnitude": 1.0,
  "current_application_mode": "every_step",
  "current_application_calls": 200,
  "desired_forward_velocity": 0.3,
  "desired_lateral_velocity": 0.0,
  "kp_forward": 6.0,
  "kp_lateral": 6.0,
  "max_forward_command": 2.0,
  "max_lateral_command": 2.0,
  "dvl_forward_index": 0,
  "dvl_forward_sign": 1.0,
  "dvl_lateral_index": 1,
  "dvl_lateral_sign": 1.0,
  "elapsed_wall_clock_time_s": 6.301758199999999,
  "time_source": "wall_clock",
  "dt_source": "wall_clock",
  "mean_dt": 0.03334202486772487,
  "std_dt": 8.366041566225414e-05,
  "dt_fallback_count": 0,
  "initial_pose": {
    "x": 0.0,
    "y": 0.008119369857013226,
    "z": -4.0
  },
  "final_pose": {
    "x": 0.9743315577507019,
    "y": 0.3626157343387604,
    "z": -4.0
  },
  "average_dvl_speed_mps": 0.15900368777294366,
  "average_pose_speed": 0.1645312387751233,
  "average_pose_speed_mps": 0.1645312387751233,
  "mean_dvl_forward_velocity_mps": 0.15814516459665212,
  "max_dvl_forward_velocity_mps": 0.26305633783340454,
  "controller_type": "DVLVelocityTrackingController",
  "output_dir": "C:\\Users\\andrea.bedei3\\Desktop\\HoloMotion\\results\\step_02b_dvl_velocity_compensation\\20260514_110308",
  "distance_validation_warnings": [],
  "dvl_pose_sanity_check": {
    "dvl_estimated_distance_m": 1.0019844283274497,
    "pose_forward_displacement_m": 0.9743315577507019,
    "lateral_drift_m": 0.35449636448174715,
    "lateral_drift_ratio": 0.3638354538162774,
    "opposite_signs": false,
    "warning": ""
  },
  "mean_forward_velocity_error": 0.14185483540334792,
  "std_forward_velocity_error": 0.04925578496542733,
  "mean_lateral_velocity_error": -0.05373518708878883,
  "std_lateral_velocity_error": 0.03666476913243466,
  "mean_abs_lateral_velocity_error": 0.05696068409505594,
  "max_abs_lateral_velocity_error": 0.17334261536598206,
  "mean_command_effort": 1.8653753347561608,
  "max_command_effort": 3.890758272349109,
  "target_distance": 1.0,
  "dvl_estimated_distance": 1.0019844283274497,
  "pose_forward_displacement": 0.9743315577507019,
  "pose_euclidean_displacement": 1.0368170797492127,
  "longitudinal_error": -0.025668442249298096,
  "absolute_longitudinal_error": 0.025668442249298096,
  "absolute_error": 0.027652870576747812,
  "lateral_drift": 0.35449636448174715,
  "final_position_error": 0.35542445239218035,
  "duration": 6.3016427,
  "sample_count": 190,
  "max_dvl_forward_velocity": 0.26305633783340454,
  "mean_dvl_forward_velocity": 0.15814516459665212
}
