{
  "controller_name": "dvl_p_altitude_hold",
  "target_distance": 10.0,
  "desired_altitude": 1.5,
  "current_y": 1.0,
  "repetition": 3,
  "target_reached": true,
  "timeout": false,
  "collision": false,
  "unsafe_altitude": false,
  "invalid_ping_failure": false,
  "runtime_seconds": 43.07848260000003,
  "elapsed_wall_clock_time_s": 48.61411870000006,
  "final_forward_progress": 9.989030838012695,
  "final_forward_error": 0.010969161987304688,
  "final_lateral_drift": 1.7850839840248227,
  "mean_altitude_error": 0.14693039208535344,
  "mean_abs_altitude_error": 0.15612599182202663,
  "rmse_altitude_error": 0.17660048693308378,
  "max_abs_altitude_error": 0.26368415355682373,
  "final_altitude_error": -0.04165542125701904,
  "min_altitude": 1.2363158464431763,
  "max_altitude": 1.6347780227661133,
  "time_inside_altitude_band_percent": 58.39133797370456,
  "time_below_safe_altitude_percent": 0.0,
  "vertical_command_mean_abs": 0.0936855090107342,
  "vertical_command_max_abs": 0.15821049213409424,
  "vertical_saturation_percent": 0.0,
  "notes": "",
  "stop_reason": "target_reached",
  "output_dir": "C:\\Users\\andrea.bedei3\\Desktop\\HoloMotion\\results\\step_03_altitude_hold\\20260515_135217\\target_10m_alt_1p5m_current_y_1_rep_03",
  "sample_count": 1293,
  "altitude_tolerance": 0.2,
  "min_safe_altitude": 0.5,
  "kp_altitude": 0.6,
  "max_vertical_command": 0.8,
  "current_application_calls": 1303,
  "mean_dt": 0.033342478792569685,
  "std_dt": 9.218907906706258e-05
}
