{
  "controller_name": "dvl_p_altitude_hold",
  "target_distance": 10.0,
  "desired_altitude": 1.5,
  "current_y": 0.0,
  "repetition": 2,
  "target_reached": true,
  "timeout": false,
  "collision": false,
  "unsafe_altitude": false,
  "invalid_ping_failure": false,
  "runtime_seconds": 41.679112299999986,
  "elapsed_wall_clock_time_s": 47.15354189999999,
  "final_forward_progress": 9.967010498046875,
  "final_forward_error": 0.032989501953125,
  "final_lateral_drift": 0.043623410165309906,
  "mean_altitude_error": 0.11494576483131122,
  "mean_abs_altitude_error": 0.12453292523451942,
  "rmse_altitude_error": 0.1401781013575298,
  "max_abs_altitude_error": 0.2231302261352539,
  "final_altitude_error": -0.033696889877319336,
  "min_altitude": 1.276869773864746,
  "max_altitude": 1.6367454528808594,
  "time_inside_altitude_band_percent": 84.4924060751399,
  "time_below_safe_altitude_percent": 0.0,
  "vertical_command_mean_abs": 0.07471389312744141,
  "vertical_command_max_abs": 0.13387813568115234,
  "vertical_saturation_percent": 0.0,
  "notes": "",
  "stop_reason": "target_reached",
  "output_dir": "C:\\Users\\andrea.bedei3\\Desktop\\HoloMotion\\results\\step_03_altitude_hold\\20260515_135217\\target_10m_alt_1p5m_current_y_0_rep_02",
  "sample_count": 1251,
  "altitude_tolerance": 0.2,
  "min_safe_altitude": 0.5,
  "kp_altitude": 0.6,
  "max_vertical_command": 0.8,
  "current_application_calls": 0,
  "mean_dt": 0.03334328983999999,
  "std_dt": 0.00010302390278372445
}
