{
  "target_distance_m": 10.0,
  "dvl_estimated_distance_m": 10.002377841048718,
  "pose_forward_displacement_m": 9.972797393798828,
  "pose_ground_truth_displacement_m": 10.439637979011378,
  "longitudinal_error_m": -0.027202606201171875,
  "absolute_longitudinal_error_m": 0.027202606201171875,
  "signed_error_m": 0.02958044724988973,
  "absolute_distance_error_m": 0.02958044724988973,
  "percentage_error": 0.29661133262652173,
  "lateral_drift_m": 3.086965058930218,
  "final_position_error_m": 3.087084912476523,
  "duration_s": 24.87493410000002,
  "num_samples": 747,
  "stop_reason": "target_reached",
  "target_reached": true,
  "forward_command": 2.0,
  "forward_command_vector": [
    0.0,
    0.0,
    0.0,
    0.0,
    2.0,
    2.0,
    2.0,
    2.0
  ],
  "old_forward_command_default": 12.0,
  "new_forward_command_default": 2.0,
  "dvl_forward_index": 0,
  "dvl_forward_sign": 1.0,
  "warmup_ticks": 10,
  "elapsed_wall_clock_time_s": 24.875053500000035,
  "time_source": "wall_clock",
  "dt_source": "wall_clock",
  "mean_dt": 0.033344415683646135,
  "std_dt": 0.00011950545348648265,
  "dt_fallback_count": 0,
  "speed_warning_threshold_mps": 1.0,
  "max_dvl_speed_warning_threshold_mps": 1.5,
  "mean_dvl_forward_velocity_mps": 0.40151883616673056,
  "max_dvl_forward_velocity_mps": 0.5132056474685669,
  "average_dvl_speed_mps": 0.4021067071308828,
  "average_pose_speed_mps": 0.4196850507037673,
  "mean_speed_mps": 0.4196850507037673,
  "initial_pose": {
    "x": 0.0,
    "y": 0.008119369857013226,
    "z": -4.0
  },
  "final_pose": {
    "x": 9.972797393798828,
    "y": 3.0950844287872314,
    "z": -4.0
  },
  "distance_validation_warnings": [],
  "diagnostic_distance_check": false,
  "experiment_label": "Step 2 current-distance grid",
  "current_x": 0.0,
  "current_y": 1.0,
  "current_z": 0.0,
  "current_magnitude": 1.0,
  "current_api_method": "env.set_ocean_currents(agent_name, velocity)",
  "current_application_mode": "every_step",
  "current_application_calls": 757,
  "final_lateral_offset": 3.086965058930218,
  "summary_title": "Step 2 current-distance grid run summary",
  "output_dir": "C:\\Users\\andrea.bedei3\\Desktop\\HoloMotion\\results\\step_02_current_distance_grid\\20260514_101153\\target_10m_current_x_0_y_1_z_0_rep_01",
  "dvl_pose_sanity_check": {
    "dvl_estimated_distance_m": 10.002377841048718,
    "pose_forward_displacement_m": 9.972797393798828,
    "lateral_drift_m": 3.086965058930218,
    "lateral_drift_ratio": 0.3095385313703174,
    "opposite_signs": false,
    "warning": ""
  },
  "current_warning": "",
  "target_distance": 10.0,
  "dvl_estimated_distance": 10.002377841048718,
  "pose_forward_displacement": 9.972797393798828,
  "pose_euclidean_displacement": 10.439637979011378,
  "longitudinal_error": -0.027202606201171875,
  "absolute_longitudinal_error": 0.027202606201171875,
  "absolute_error": 0.02958044724988973,
  "lateral_drift": 3.086965058930218,
  "final_position_error": 3.087084912476523,
  "duration": 24.87493410000002,
  "sample_count": 747,
  "average_pose_speed": 0.4196850507037673,
  "max_dvl_forward_velocity": 0.5132056474685669,
  "mean_dvl_forward_velocity": 0.40151883616673056
}
