{
  "target_distance_m": 20.0,
  "dvl_estimated_distance_m": 20.010018469896764,
  "pose_forward_displacement_m": 19.980297088623047,
  "pose_ground_truth_displacement_m": 20.28322304709633,
  "longitudinal_error_m": -0.019702911376953125,
  "absolute_longitudinal_error_m": 0.019702911376953125,
  "signed_error_m": 0.02972138127371693,
  "absolute_distance_error_m": 0.02972138127371693,
  "percentage_error": 0.14875345017087127,
  "lateral_drift_m": 3.4924010979011655,
  "final_position_error_m": 3.4924566759428806,
  "duration_s": 60.05186319999984,
  "num_samples": 1802,
  "stop_reason": "target_reached",
  "target_reached": true,
  "current_x": 0.0,
  "current_y": 1.0,
  "current_z": 0.0,
  "current_magnitude": 1.0,
  "current_application_mode": "every_step",
  "current_application_calls": 1812,
  "desired_forward_velocity": 0.5,
  "desired_lateral_velocity": 0.0,
  "kp_forward": 20.0,
  "kp_lateral": 12.0,
  "max_forward_command": 2.0,
  "max_lateral_command": 2.0,
  "max_thruster_command": 2.0,
  "final_clipping_applied": true,
  "dvl_forward_index": 0,
  "dvl_forward_sign": 1.0,
  "dvl_lateral_index": 1,
  "dvl_lateral_sign": 1.0,
  "elapsed_wall_clock_time_s": 60.05195790000016,
  "time_source": "wall_clock",
  "dt_source": "wall_clock",
  "mean_dt": 0.033343621987784476,
  "std_dt": 0.0001045484519505655,
  "dt_fallback_count": 0,
  "initial_pose": {
    "x": 0.0,
    "y": 0.008119369857013226,
    "z": -4.0
  },
  "final_pose": {
    "x": 19.980297088623047,
    "y": 3.5005204677581787,
    "z": -4.0
  },
  "average_dvl_speed_mps": 0.3332122835765205,
  "average_pose_speed": 0.33776176068915686,
  "average_pose_speed_mps": 0.33776176068915686,
  "mean_dvl_forward_velocity_mps": 0.3330096415312264,
  "max_dvl_forward_velocity_mps": 0.4709419310092926,
  "controller_type": "DVLVelocityTrackingController",
  "output_dir": "C:\\Users\\andrea.bedei3\\Desktop\\HoloMotion\\results\\step_02c_pi_compensation_comparison\\20260515_111553\\target_20m_current_y_1_rep_01_dvl_velocity_compensation",
  "distance_validation_warnings": [],
  "dvl_pose_sanity_check": {
    "dvl_estimated_distance_m": 20.010018469896764,
    "pose_forward_displacement_m": 19.980297088623047,
    "lateral_drift_m": 3.4924010979011655,
    "lateral_drift_ratio": 0.1747922507063105,
    "opposite_signs": false,
    "warning": ""
  },
  "velocity_tracking_metric_sample_count": 1801,
  "mean_forward_velocity_error": 0.16679023036258558,
  "std_forward_velocity_error": 0.045520989820372844,
  "mean_lateral_velocity_error": -0.05737729889875201,
  "std_lateral_velocity_error": 0.03755602342844528,
  "mean_abs_lateral_velocity_error": 0.059302298212517646,
  "max_abs_lateral_velocity_error": 0.1932908594608307,
  "mean_command_effort": 3.387481882972183,
  "max_command_effort": 3.994337525548416,
  "target_distance": 20.0,
  "dvl_estimated_distance": 20.010018469896764,
  "pose_forward_displacement": 19.980297088623047,
  "pose_euclidean_displacement": 20.28322304709633,
  "longitudinal_error": -0.019702911376953125,
  "absolute_longitudinal_error": 0.019702911376953125,
  "absolute_error": 0.02972138127371693,
  "lateral_drift": 3.4924010979011655,
  "final_position_error": 3.4924566759428806,
  "duration": 60.05186319999984,
  "sample_count": 1802,
  "max_dvl_forward_velocity": 0.4709419310092926,
  "mean_dvl_forward_velocity": 0.3330096415312264
}
