{
  "target_distance_m": 20.0,
  "dvl_estimated_distance_m": 20.007064167843076,
  "pose_forward_displacement_m": 19.884496688842773,
  "pose_ground_truth_displacement_m": 19.905714972915362,
  "longitudinal_error_m": -0.11550331115722656,
  "absolute_longitudinal_error_m": 0.11550331115722656,
  "signed_error_m": 0.12256747900030263,
  "absolute_distance_error_m": 0.12256747900030263,
  "percentage_error": 0.6163971908279452,
  "lateral_drift_m": 0.9188471115194261,
  "final_position_error_m": 0.9260783062116701,
  "duration_s": 53.85001999999986,
  "num_samples": 1616,
  "stop_reason": "target_reached",
  "target_reached": true,
  "current_x": 0.0,
  "current_y": 0.5,
  "current_z": 0.0,
  "current_magnitude": 0.5,
  "current_application_mode": "every_step",
  "current_application_calls": 1626,
  "desired_forward_velocity": 0.5,
  "desired_lateral_velocity": 0.0,
  "kp_forward": 20.0,
  "kp_lateral": 12.0,
  "max_forward_command": 2.0,
  "max_lateral_command": 2.0,
  "max_thruster_command": 2.0,
  "final_clipping_applied": true,
  "dvl_forward_index": 0,
  "dvl_forward_sign": 1.0,
  "dvl_lateral_index": 1,
  "dvl_lateral_sign": 1.0,
  "elapsed_wall_clock_time_s": 53.85011020000002,
  "time_source": "wall_clock",
  "dt_source": "wall_clock",
  "mean_dt": 0.033343665634674835,
  "std_dt": 0.00011736039063536271,
  "dt_fallback_count": 0,
  "initial_pose": {
    "x": 0.0,
    "y": 0.002058895770460367,
    "z": -4.0
  },
  "final_pose": {
    "x": 19.884496688842773,
    "y": 0.9209060072898865,
    "z": -4.0
  },
  "average_dvl_speed_mps": 0.3715330870414371,
  "average_pose_speed": 0.369651022839275,
  "average_pose_speed_mps": 0.369651022839275,
  "mean_dvl_forward_velocity_mps": 0.3712924076123209,
  "max_dvl_forward_velocity_mps": 0.504431962966919,
  "controller_type": "DVLVelocityTrackingController",
  "output_dir": "C:\\Users\\andrea.bedei3\\Desktop\\HoloMotion\\results\\step_02b_compensation_comparison\\20260515_103529\\target_20m_current_y_0p5_rep_01_dvl_velocity_compensation",
  "distance_validation_warnings": [],
  "dvl_pose_sanity_check": {
    "dvl_estimated_distance_m": 20.007064167843076,
    "pose_forward_displacement_m": 19.884496688842773,
    "lateral_drift_m": 0.9188471115194261,
    "lateral_drift_ratio": 0.046209221480320035,
    "opposite_signs": false,
    "warning": ""
  },
  "velocity_tracking_metric_sample_count": 1615,
  "mean_forward_velocity_error": 0.1284724806703558,
  "std_forward_velocity_error": 0.04842052943753136,
  "mean_lateral_velocity_error": -0.01656058007152616,
  "std_lateral_velocity_error": 0.0374752453641427,
  "mean_abs_lateral_velocity_error": 0.032669504679725146,
  "max_abs_lateral_velocity_error": 0.13199163973331451,
  "mean_command_effort": 3.506020677167339,
  "max_command_effort": 3.999930650786164,
  "target_distance": 20.0,
  "dvl_estimated_distance": 20.007064167843076,
  "pose_forward_displacement": 19.884496688842773,
  "pose_euclidean_displacement": 19.905714972915362,
  "longitudinal_error": -0.11550331115722656,
  "absolute_longitudinal_error": 0.11550331115722656,
  "absolute_error": 0.12256747900030263,
  "lateral_drift": 0.9188471115194261,
  "final_position_error": 0.9260783062116701,
  "duration": 53.85001999999986,
  "sample_count": 1616,
  "max_dvl_forward_velocity": 0.504431962966919,
  "mean_dvl_forward_velocity": 0.3712924076123209
}
