{
  "target_distance_m": 20.0,
  "dvl_estimated_distance_m": 20.011474797721355,
  "pose_forward_displacement_m": 19.930030822753906,
  "pose_ground_truth_displacement_m": 19.95187776810458,
  "longitudinal_error_m": -0.06996917724609375,
  "absolute_longitudinal_error_m": 0.06996917724609375,
  "signed_error_m": 0.08144397496744915,
  "absolute_distance_error_m": 0.08144397496744915,
  "percentage_error": 0.40864951836635105,
  "lateral_drift_m": 0.9334333813749254,
  "final_position_error_m": 0.9360521156589103,
  "duration_s": 53.9522942000001,
  "num_samples": 1619,
  "stop_reason": "target_reached",
  "target_reached": true,
  "current_x": 0.0,
  "current_y": 0.5,
  "current_z": 0.0,
  "current_magnitude": 0.5,
  "current_application_mode": "every_step",
  "current_application_calls": 1629,
  "desired_forward_velocity": 0.5,
  "desired_lateral_velocity": 0.0,
  "kp_forward": 20.0,
  "kp_lateral": 12.0,
  "max_forward_command": 2.0,
  "max_lateral_command": 2.0,
  "max_thruster_command": 2.0,
  "final_clipping_applied": true,
  "dvl_forward_index": 0,
  "dvl_forward_sign": 1.0,
  "dvl_lateral_index": 1,
  "dvl_lateral_sign": 1.0,
  "elapsed_wall_clock_time_s": 53.95241209999995,
  "time_source": "wall_clock",
  "dt_source": "wall_clock",
  "mean_dt": 0.03334505203955507,
  "std_dt": 0.00011124179834795883,
  "dt_fallback_count": 0,
  "initial_pose": {
    "x": 0.0,
    "y": 0.002058895770460367,
    "z": -4.0
  },
  "final_pose": {
    "x": 19.930030822753906,
    "y": 0.9354922771453857,
    "z": -4.0
  },
  "average_dvl_speed_mps": 0.3709105441103062,
  "average_pose_speed": 0.3698059195433536,
  "average_pose_speed_mps": 0.3698059195433536,
  "mean_dvl_forward_velocity_mps": 0.3706986488788225,
  "max_dvl_forward_velocity_mps": 0.48737025260925293,
  "controller_type": "DVLVelocityTrackingController",
  "output_dir": "C:\\Users\\andrea.bedei3\\Desktop\\HoloMotion\\results\\step_02b_compensation_comparison\\20260515_103529\\target_20m_current_y_0p5_rep_03_dvl_velocity_compensation",
  "distance_validation_warnings": [],
  "dvl_pose_sanity_check": {
    "dvl_estimated_distance_m": 20.011474797721355,
    "pose_forward_displacement_m": 19.930030822753906,
    "lateral_drift_m": 0.9334333813749254,
    "lateral_drift_ratio": 0.04683552121300456,
    "opposite_signs": false,
    "warning": ""
  },
  "velocity_tracking_metric_sample_count": 1618,
  "mean_forward_velocity_error": 0.12908828234742079,
  "std_forward_velocity_error": 0.04916316000342077,
  "mean_lateral_velocity_error": -0.01635556298819773,
  "std_lateral_velocity_error": 0.03627522498892953,
  "mean_abs_lateral_velocity_error": 0.031575241733682854,
  "max_abs_lateral_velocity_error": 0.15272551774978638,
  "mean_command_effort": 3.5056238038201104,
  "max_command_effort": 3.9999824212436312,
  "target_distance": 20.0,
  "dvl_estimated_distance": 20.011474797721355,
  "pose_forward_displacement": 19.930030822753906,
  "pose_euclidean_displacement": 19.95187776810458,
  "longitudinal_error": -0.06996917724609375,
  "absolute_longitudinal_error": 0.06996917724609375,
  "absolute_error": 0.08144397496744915,
  "lateral_drift": 0.9334333813749254,
  "final_position_error": 0.9360521156589103,
  "duration": 53.9522942000001,
  "sample_count": 1619,
  "max_dvl_forward_velocity": 0.48737025260925293,
  "mean_dvl_forward_velocity": 0.3706986488788225
}
