{
  "controller_name": "dvl_p_altitude_hold",
  "target_distance": 10.0,
  "desired_altitude": 1.5,
  "current_y": 0.5,
  "repetition": 2,
  "target_reached": true,
  "timeout": false,
  "collision": false,
  "unsafe_altitude": false,
  "invalid_ping_failure": false,
  "runtime_seconds": 42.04531930000002,
  "elapsed_wall_clock_time_s": 47.569324600000016,
  "final_forward_progress": 9.998452186584473,
  "final_forward_error": 0.0015478134155273438,
  "final_lateral_drift": 0.467876014765352,
  "mean_altitude_error": 0.1248083207195421,
  "mean_abs_altitude_error": 0.13465964699698327,
  "rmse_altitude_error": 0.15038291309135246,
  "max_abs_altitude_error": 0.23498821258544922,
  "final_altitude_error": -0.04241836071014404,
  "min_altitude": 1.2650117874145508,
  "max_altitude": 1.6362433433532715,
  "time_inside_altitude_band_percent": 79.31854199683043,
  "time_below_safe_altitude_percent": 0.0,
  "vertical_command_mean_abs": 0.08079503465511798,
  "vertical_command_max_abs": 0.14099292755126952,
  "vertical_saturation_percent": 0.0,
  "notes": "",
  "stop_reason": "target_reached",
  "output_dir": "C:\\Users\\andrea.bedei3\\Desktop\\HoloMotion\\results\\step_03_altitude_hold\\20260515_135217\\target_10m_alt_1p5m_current_y_0p5_rep_02",
  "sample_count": 1262,
  "altitude_tolerance": 0.2,
  "min_safe_altitude": 0.5,
  "kp_altitude": 0.6,
  "max_vertical_command": 0.8,
  "current_application_calls": 1272,
  "mean_dt": 0.033342838461538474,
  "std_dt": 9.360023724965448e-05
}
