{
  "target_distance_m": 20.0,
  "dvl_estimated_distance_m": 14.339518180668598,
  "pose_forward_displacement_m": 14.289801597595215,
  "pose_ground_truth_displacement_m": 14.308464025962323,
  "longitudinal_error_m": -5.710198402404785,
  "absolute_longitudinal_error_m": 5.710198402404785,
  "signed_error_m": 0.04971658307338345,
  "absolute_distance_error_m": 0.04971658307338345,
  "percentage_error": 0.34791653847559434,
  "lateral_drift_m": 0.7305566943250597,
  "final_position_error_m": 5.756742036816425,
  "duration_s": 60.0175263000001,
  "num_samples": 1801,
  "stop_reason": "timeout",
  "target_reached": false,
  "current_x": 0.0,
  "current_y": 0.5,
  "current_z": 0.0,
  "current_magnitude": 0.5,
  "current_application_mode": "every_step",
  "current_application_calls": 1811,
  "desired_forward_velocity": 0.3,
  "desired_lateral_velocity": 0.0,
  "kp_forward": 20.0,
  "kp_lateral": 12.0,
  "max_forward_command": 2.0,
  "max_lateral_command": 2.0,
  "max_thruster_command": 2.0,
  "final_clipping_applied": true,
  "dvl_forward_index": 0,
  "dvl_forward_sign": 1.0,
  "dvl_lateral_index": 1,
  "dvl_lateral_sign": 1.0,
  "elapsed_wall_clock_time_s": 60.01761659999988,
  "time_source": "wall_clock",
  "dt_source": "wall_clock",
  "mean_dt": 0.033343070166666725,
  "std_dt": 0.0001244611440656444,
  "dt_fallback_count": 0,
  "initial_pose": {
    "x": 0.0,
    "y": 0.002058895770460367,
    "z": -4.0
  },
  "final_pose": {
    "x": 14.289801597595215,
    "y": 0.73261559009552,
    "z": -4.0
  },
  "average_dvl_speed_mps": 0.23892217931462087,
  "average_pose_speed": 0.23840476120993176,
  "average_pose_speed_mps": 0.23840476120993176,
  "mean_dvl_forward_velocity_mps": 0.2388243376440795,
  "max_dvl_forward_velocity_mps": 0.3829425573348999,
  "controller_type": "DVLVelocityTrackingController",
  "output_dir": "C:\\Users\\andrea.bedei3\\Desktop\\HoloMotion\\results\\step_02b_compensation_comparison\\20260514_114031\\target_20m_current_y_0p5_rep_02_dvl_velocity_compensation",
  "distance_validation_warnings": [],
  "dvl_pose_sanity_check": {
    "dvl_estimated_distance_m": 14.339518180668598,
    "pose_forward_displacement_m": 14.289801597595215,
    "lateral_drift_m": 0.7305566943250597,
    "lateral_drift_ratio": 0.05112434132381535,
    "opposite_signs": false,
    "warning": ""
  },
  "velocity_tracking_metric_sample_count": 1800,
  "mean_forward_velocity_error": 0.06107685719332142,
  "std_forward_velocity_error": 0.0401907403176614,
  "mean_lateral_velocity_error": -0.011478022966814732,
  "std_lateral_velocity_error": 0.03733405566508814,
  "mean_abs_lateral_velocity_error": 0.031336473604186114,
  "max_abs_lateral_velocity_error": 0.14208129048347473,
  "mean_command_effort": 2.471270656655754,
  "max_command_effort": 3.9984377519743743,
  "target_distance": 20.0,
  "dvl_estimated_distance": 14.339518180668598,
  "pose_forward_displacement": 14.289801597595215,
  "pose_euclidean_displacement": 14.308464025962323,
  "longitudinal_error": -5.710198402404785,
  "absolute_longitudinal_error": 5.710198402404785,
  "absolute_error": 0.04971658307338345,
  "lateral_drift": 0.7305566943250597,
  "final_position_error": 5.756742036816425,
  "duration": 60.0175263000001,
  "sample_count": 1801,
  "max_dvl_forward_velocity": 0.3829425573348999,
  "mean_dvl_forward_velocity": 0.2388243376440795
}
