{
  "controller_name": "dvl_p_altitude_hold",
  "target_distance": 20.0,
  "desired_altitude": 1.5,
  "current_y": 0.5,
  "repetition": 2,
  "target_reached": true,
  "timeout": false,
  "collision": false,
  "unsafe_altitude": false,
  "invalid_ping_failure": false,
  "runtime_seconds": 83.7263918000001,
  "elapsed_wall_clock_time_s": 89.24708280000004,
  "final_forward_progress": 20.006976732518524,
  "final_forward_error": -0.0069767325185239315,
  "final_lateral_drift": 0.9599696076475084,
  "mean_altitude_error": -0.00602099266211698,
  "mean_abs_altitude_error": 0.14801081393364887,
  "rmse_altitude_error": 0.16328847069154778,
  "max_abs_altitude_error": 0.2644604444503784,
  "final_altitude_error": 0.15204930305480957,
  "min_altitude": 1.2645478248596191,
  "max_altitude": 1.7644604444503784,
  "time_inside_altitude_band_percent": 72.89012738853503,
  "time_below_safe_altitude_percent": 0.0,
  "vertical_command_mean_abs": 0.08880930018111655,
  "vertical_command_max_abs": 0.15867626667022705,
  "vertical_saturation_percent": 0.0,
  "notes": "",
  "stop_reason": "target_reached",
  "output_dir": "C:\\Users\\andrea.bedei3\\Desktop\\HoloMotion\\results\\step_03_altitude_hold\\20260515_135217\\target_20m_alt_1p5m_current_y_0p5_rep_02",
  "sample_count": 2512,
  "altitude_tolerance": 0.2,
  "min_safe_altitude": 0.5,
  "kp_altitude": 0.6,
  "max_vertical_command": 0.8,
  "current_application_calls": 2522,
  "mean_dt": 0.03334384380724815,
  "std_dt": 0.00011604625277898173
}
