{
  "target_distance_m": 10.0,
  "dvl_estimated_distance_m": 10.004215754729378,
  "pose_forward_displacement_m": 10.081513404846191,
  "pose_ground_truth_displacement_m": 10.24057490026417,
  "longitudinal_error_m": 0.0815134048461914,
  "absolute_longitudinal_error_m": 0.0815134048461914,
  "signed_error_m": -0.07729765011681344,
  "absolute_distance_error_m": 0.07729765011681344,
  "percentage_error": 0.7667266511757689,
  "lateral_drift_m": 1.7979048239067197,
  "final_position_error_m": 1.799751702595853,
  "duration_s": 30.61025529999995,
  "num_samples": 919,
  "stop_reason": "target_reached",
  "target_reached": true,
  "current_x": 0.0,
  "current_y": 1.0,
  "current_z": 0.0,
  "current_magnitude": 1.0,
  "current_application_mode": "every_step",
  "current_application_calls": 929,
  "desired_forward_velocity": 0.5,
  "desired_lateral_velocity": 0.0,
  "kp_forward": 20.0,
  "kp_lateral": 12.0,
  "max_forward_command": 2.0,
  "max_lateral_command": 2.0,
  "max_thruster_command": 2.0,
  "final_clipping_applied": true,
  "dvl_forward_index": 0,
  "dvl_forward_sign": 1.0,
  "dvl_lateral_index": 1,
  "dvl_lateral_sign": 1.0,
  "elapsed_wall_clock_time_s": 30.61040109999999,
  "time_source": "wall_clock",
  "dt_source": "wall_clock",
  "mean_dt": 0.033344504684095805,
  "std_dt": 0.00013501132474961962,
  "dt_fallback_count": 0,
  "initial_pose": {
    "x": 0.0,
    "y": 0.008119369857013226,
    "z": -4.0
  },
  "final_pose": {
    "x": 10.081513404846191,
    "y": 1.806024193763733,
    "z": -4.0
  },
  "average_dvl_speed_mps": 0.3268256228731746,
  "average_pose_speed": 0.33454719014591777,
  "average_pose_speed_mps": 0.33454719014591777,
  "mean_dvl_forward_velocity_mps": 0.3264688859983541,
  "max_dvl_forward_velocity_mps": 0.4495326280593872,
  "controller_type": "DVLVelocityTrackingController",
  "output_dir": "C:\\Users\\andrea.bedei3\\Desktop\\HoloMotion\\results\\step_02b_compensation_comparison\\20260515_103529\\target_10m_current_y_1_rep_01_dvl_velocity_compensation",
  "distance_validation_warnings": [],
  "dvl_pose_sanity_check": {
    "dvl_estimated_distance_m": 10.004215754729378,
    "pose_forward_displacement_m": 10.081513404846191,
    "lateral_drift_m": 1.7979048239067197,
    "lateral_drift_ratio": 0.17833679842576666,
    "opposite_signs": false,
    "warning": ""
  },
  "velocity_tracking_metric_sample_count": 918,
  "mean_forward_velocity_error": 0.1731713046350218,
  "std_forward_velocity_error": 0.0522353806245766,
  "mean_lateral_velocity_error": -0.05691777488095349,
  "std_lateral_velocity_error": 0.036393634177185635,
  "mean_abs_lateral_velocity_error": 0.05896003451793177,
  "max_abs_lateral_velocity_error": 0.1766842156648636,
  "mean_command_effort": 3.3917967545705165,
  "max_command_effort": 3.999718813578738,
  "target_distance": 10.0,
  "dvl_estimated_distance": 10.004215754729378,
  "pose_forward_displacement": 10.081513404846191,
  "pose_euclidean_displacement": 10.24057490026417,
  "longitudinal_error": 0.0815134048461914,
  "absolute_longitudinal_error": 0.0815134048461914,
  "absolute_error": 0.07729765011681344,
  "lateral_drift": 1.7979048239067197,
  "final_position_error": 1.799751702595853,
  "duration": 30.61025529999995,
  "sample_count": 919,
  "max_dvl_forward_velocity": 0.4495326280593872,
  "mean_dvl_forward_velocity": 0.3264688859983541
}
