{
  "target_distance_m": 5.0,
  "dvl_estimated_distance_m": 5.00845657125239,
  "pose_forward_displacement_m": 5.015078067779541,
  "pose_ground_truth_displacement_m": 5.022154168931476,
  "longitudinal_error_m": 0.015078067779541016,
  "absolute_longitudinal_error_m": 0.015078067779541016,
  "signed_error_m": -0.0066214965271509385,
  "absolute_distance_error_m": 0.0066214965271509385,
  "percentage_error": 0.1320317737363289,
  "lateral_drift_m": 0.2665041661821306,
  "final_position_error_m": 0.2669303630544811,
  "duration_s": 14.071769000000003,
  "num_samples": 423,
  "stop_reason": "target_reached",
  "target_reached": true,
  "current_x": 0.0,
  "current_y": 0.5,
  "current_z": 0.0,
  "current_magnitude": 0.5,
  "current_application_mode": "every_step",
  "current_application_calls": 433,
  "desired_forward_velocity": 0.5,
  "desired_lateral_velocity": 0.0,
  "kp_forward": 20.0,
  "kp_lateral": 12.0,
  "max_forward_command": 2.0,
  "max_lateral_command": 2.0,
  "max_thruster_command": 2.0,
  "final_clipping_applied": true,
  "dvl_forward_index": 0,
  "dvl_forward_sign": 1.0,
  "dvl_lateral_index": 1,
  "dvl_lateral_sign": 1.0,
  "elapsed_wall_clock_time_s": 14.071897100000001,
  "time_source": "wall_clock",
  "dt_source": "wall_clock",
  "mean_dt": 0.033345424170616124,
  "std_dt": 0.00010378661545927118,
  "dt_fallback_count": 0,
  "initial_pose": {
    "x": 0.0,
    "y": 0.002058895770460367,
    "z": -4.0
  },
  "final_pose": {
    "x": 5.015078067779541,
    "y": 0.26856306195259094,
    "z": -4.0
  },
  "average_dvl_speed_mps": 0.3559223130547687,
  "average_pose_speed": 0.35689572284276944,
  "average_pose_speed_mps": 0.35689572284276944,
  "mean_dvl_forward_velocity_mps": 0.35517890340523095,
  "max_dvl_forward_velocity_mps": 0.4782569110393524,
  "controller_type": "DVLVelocityTrackingController",
  "output_dir": "C:\\Users\\andrea.bedei3\\Desktop\\HoloMotion\\results\\step_02b_compensation_comparison\\20260515_103529\\target_5m_current_y_0p5_rep_03_dvl_velocity_compensation",
  "distance_validation_warnings": [],
  "dvl_pose_sanity_check": {
    "dvl_estimated_distance_m": 5.00845657125239,
    "pose_forward_displacement_m": 5.015078067779541,
    "lateral_drift_m": 0.2665041661821306,
    "lateral_drift_ratio": 0.05314058177764859,
    "opposite_signs": false,
    "warning": ""
  },
  "velocity_tracking_metric_sample_count": 422,
  "mean_forward_velocity_error": 0.1440751922418368,
  "std_forward_velocity_error": 0.07206661802357311,
  "mean_lateral_velocity_error": -0.014603766920005708,
  "std_lateral_velocity_error": 0.03544949072807557,
  "mean_abs_lateral_velocity_error": 0.03015237429263873,
  "max_abs_lateral_velocity_error": 0.11908092349767685,
  "mean_command_effort": 3.539730282375079,
  "max_command_effort": 3.9990205603881437,
  "target_distance": 5.0,
  "dvl_estimated_distance": 5.00845657125239,
  "pose_forward_displacement": 5.015078067779541,
  "pose_euclidean_displacement": 5.022154168931476,
  "longitudinal_error": 0.015078067779541016,
  "absolute_longitudinal_error": 0.015078067779541016,
  "absolute_error": 0.0066214965271509385,
  "lateral_drift": 0.2665041661821306,
  "final_position_error": 0.2669303630544811,
  "duration": 14.071769000000003,
  "sample_count": 423,
  "max_dvl_forward_velocity": 0.4782569110393524,
  "mean_dvl_forward_velocity": 0.35517890340523095
}
