{
  "target_distance_m": 5.0,
  "dvl_estimated_distance_m": 5.003758736561871,
  "pose_forward_displacement_m": 4.9965410232543945,
  "pose_ground_truth_displacement_m": 5.00174827386666,
  "longitudinal_error_m": -0.0034589767456054688,
  "absolute_longitudinal_error_m": 0.0034589767456054688,
  "signed_error_m": 0.007217713307476892,
  "absolute_distance_error_m": 0.007217713307476892,
  "percentage_error": 0.14445419889249267,
  "lateral_drift_m": 0.2281744903884828,
  "final_position_error_m": 0.22820070680033064,
  "duration_s": 21.206556600000003,
  "num_samples": 637,
  "stop_reason": "target_reached",
  "target_reached": true,
  "current_x": 0.0,
  "current_y": 0.5,
  "current_z": 0.0,
  "current_magnitude": 0.5,
  "current_application_mode": "every_step",
  "current_application_calls": 647,
  "desired_forward_velocity": 0.3,
  "desired_lateral_velocity": 0.0,
  "kp_forward": 20.0,
  "kp_lateral": 12.0,
  "max_forward_command": 2.0,
  "max_lateral_command": 2.0,
  "max_thruster_command": 2.0,
  "final_clipping_applied": true,
  "dvl_forward_index": 0,
  "dvl_forward_sign": 1.0,
  "dvl_lateral_index": 1,
  "dvl_lateral_sign": 1.0,
  "elapsed_wall_clock_time_s": 21.206674100000004,
  "time_source": "wall_clock",
  "dt_source": "wall_clock",
  "mean_dt": 0.03334364245283019,
  "std_dt": 0.00010862935448994344,
  "dt_fallback_count": 0,
  "initial_pose": {
    "x": 0.0,
    "y": 0.002058895770460367,
    "z": -4.0
  },
  "final_pose": {
    "x": 4.9965410232543945,
    "y": 0.23023338615894318,
    "z": -4.0
  },
  "average_dvl_speed_mps": 0.2359533813500807,
  "average_pose_speed": 0.2358585775243992,
  "average_pose_speed_mps": 0.2358585775243992,
  "mean_dvl_forward_velocity_mps": 0.23551880929390995,
  "max_dvl_forward_velocity_mps": 0.362125039100647,
  "controller_type": "DVLVelocityTrackingController",
  "output_dir": "C:\\Users\\andrea.bedei3\\Desktop\\HoloMotion\\results\\step_02b_compensation_comparison\\20260514_114031\\target_5m_current_y_0p5_rep_01_dvl_velocity_compensation",
  "distance_validation_warnings": [],
  "dvl_pose_sanity_check": {
    "dvl_estimated_distance_m": 5.003758736561871,
    "pose_forward_displacement_m": 4.9965410232543945,
    "lateral_drift_m": 0.2281744903884828,
    "lateral_drift_ratio": 0.04566648994304985,
    "opposite_signs": false,
    "warning": ""
  },
  "velocity_tracking_metric_sample_count": 636,
  "mean_forward_velocity_error": 0.06404566848181985,
  "std_forward_velocity_error": 0.04395324452867503,
  "mean_lateral_velocity_error": -0.011770330469576982,
  "std_lateral_velocity_error": 0.03847878221237569,
  "mean_abs_lateral_velocity_error": 0.03222985168072199,
  "max_abs_lateral_velocity_error": 0.1286047250032425,
  "mean_command_effort": 2.520847482941878,
  "max_command_effort": 3.998140007449049,
  "target_distance": 5.0,
  "dvl_estimated_distance": 5.003758736561871,
  "pose_forward_displacement": 4.9965410232543945,
  "pose_euclidean_displacement": 5.00174827386666,
  "longitudinal_error": -0.0034589767456054688,
  "absolute_longitudinal_error": 0.0034589767456054688,
  "absolute_error": 0.007217713307476892,
  "lateral_drift": 0.2281744903884828,
  "final_position_error": 0.22820070680033064,
  "duration": 21.206556600000003,
  "sample_count": 637,
  "max_dvl_forward_velocity": 0.362125039100647,
  "mean_dvl_forward_velocity": 0.23551880929390995
}
