{
  "target_distance_m": 20.0,
  "dvl_estimated_distance_m": 20.013491326110973,
  "pose_forward_displacement_m": 20.085041046142578,
  "pose_ground_truth_displacement_m": 21.016443829134207,
  "longitudinal_error_m": 0.08504104614257812,
  "absolute_longitudinal_error_m": 0.08504104614257812,
  "signed_error_m": -0.07154972003160509,
  "absolute_distance_error_m": 0.07154972003160509,
  "percentage_error": 0.3562338750875818,
  "lateral_drift_m": 6.18724796641618,
  "final_position_error_m": 6.1878323650087825,
  "duration_s": 49.24674069999992,
  "num_samples": 1478,
  "stop_reason": "target_reached",
  "target_reached": true,
  "forward_command": 2.0,
  "forward_command_vector": [
    0.0,
    0.0,
    0.0,
    0.0,
    2.0,
    2.0,
    2.0,
    2.0
  ],
  "old_forward_command_default": 12.0,
  "new_forward_command_default": 2.0,
  "dvl_forward_index": 0,
  "dvl_forward_sign": 1.0,
  "warmup_ticks": 10,
  "elapsed_wall_clock_time_s": 49.24685780000004,
  "time_source": "wall_clock",
  "dt_source": "wall_clock",
  "mean_dt": 0.033342410765064265,
  "std_dt": 0.00013025781496858174,
  "dt_fallback_count": 0,
  "speed_warning_threshold_mps": 1.0,
  "max_dvl_speed_warning_threshold_mps": 1.5,
  "mean_dvl_forward_velocity_mps": 0.4060903725918308,
  "max_dvl_forward_velocity_mps": 0.5422059893608093,
  "average_dvl_speed_mps": 0.40639220061341047,
  "average_pose_speed_mps": 0.426758066227401,
  "mean_speed_mps": 0.426758066227401,
  "initial_pose": {
    "x": 0.0,
    "y": 0.008119369857013226,
    "z": -4.0
  },
  "final_pose": {
    "x": 20.085041046142578,
    "y": 6.195367336273193,
    "z": -4.0
  },
  "distance_validation_warnings": [],
  "diagnostic_distance_check": false,
  "experiment_label": "Step 2 current-distance grid",
  "current_x": 0.0,
  "current_y": 1.0,
  "current_z": 0.0,
  "current_magnitude": 1.0,
  "current_api_method": "env.set_ocean_currents(agent_name, velocity)",
  "current_application_mode": "every_step",
  "current_application_calls": 1488,
  "final_lateral_offset": 6.18724796641618,
  "summary_title": "Step 2 current-distance grid run summary",
  "output_dir": "C:\\Users\\andrea.bedei3\\Desktop\\HoloMotion\\results\\step_02_current_distance_grid\\20260514_101153\\target_20m_current_x_0_y_1_z_0_rep_02",
  "dvl_pose_sanity_check": {
    "dvl_estimated_distance_m": 20.013491326110973,
    "pose_forward_displacement_m": 20.085041046142578,
    "lateral_drift_m": 6.18724796641618,
    "lateral_drift_ratio": 0.3080525427954985,
    "opposite_signs": false,
    "warning": ""
  },
  "current_warning": "",
  "target_distance": 20.0,
  "dvl_estimated_distance": 20.013491326110973,
  "pose_forward_displacement": 20.085041046142578,
  "pose_euclidean_displacement": 21.016443829134207,
  "longitudinal_error": 0.08504104614257812,
  "absolute_longitudinal_error": 0.08504104614257812,
  "absolute_error": 0.07154972003160509,
  "lateral_drift": 6.18724796641618,
  "final_position_error": 6.1878323650087825,
  "duration": 49.24674069999992,
  "sample_count": 1478,
  "average_pose_speed": 0.426758066227401,
  "max_dvl_forward_velocity": 0.5422059893608093,
  "mean_dvl_forward_velocity": 0.4060903725918308
}
