{
  "controller_name": "dvl_p_altitude_hold",
  "target_distance": 20.0,
  "desired_altitude": 1.5,
  "current_y": 0.0,
  "repetition": 1,
  "target_reached": true,
  "timeout": false,
  "collision": false,
  "unsafe_altitude": false,
  "invalid_ping_failure": false,
  "runtime_seconds": 82.78942660000007,
  "elapsed_wall_clock_time_s": 88.2620902000001,
  "final_forward_progress": 19.949649650603533,
  "final_forward_error": 0.05035034939646721,
  "final_lateral_drift": -0.04488096013665199,
  "mean_altitude_error": -0.006621537721099485,
  "mean_abs_altitude_error": 0.13719503339170067,
  "rmse_altitude_error": 0.1514048527402721,
  "max_abs_altitude_error": 0.23625123500823975,
  "final_altitude_error": 0.12542188167572021,
  "min_altitude": 1.2831993103027344,
  "max_altitude": 1.7362512350082397,
  "time_inside_altitude_band_percent": 78.30112721417069,
  "time_below_safe_altitude_percent": 0.0,
  "vertical_command_mean_abs": 0.0823171286730818,
  "vertical_command_max_abs": 0.14175074100494384,
  "vertical_saturation_percent": 0.0,
  "notes": "",
  "stop_reason": "target_reached",
  "output_dir": "C:\\Users\\andrea.bedei3\\Desktop\\HoloMotion\\results\\step_03_altitude_hold\\20260515_135217\\target_20m_alt_1p5m_current_y_0_rep_01",
  "sample_count": 2484,
  "altitude_tolerance": 0.2,
  "min_safe_altitude": 0.5,
  "kp_altitude": 0.6,
  "max_vertical_command": 0.8,
  "current_application_calls": 0,
  "mean_dt": 0.033342499637535265,
  "std_dt": 0.00010457929300969548
}
