{
  "target_distance_m": 20.0,
  "dvl_estimated_distance_m": 20.011852689270018,
  "pose_forward_displacement_m": 20.07131004333496,
  "pose_ground_truth_displacement_m": 20.086738675666524,
  "longitudinal_error_m": 0.07131004333496094,
  "absolute_longitudinal_error_m": 0.07131004333496094,
  "signed_error_m": -0.05945735406494279,
  "absolute_distance_error_m": 0.05945735406494279,
  "percentage_error": 0.29623055962252287,
  "lateral_drift_m": 0.7871364359743893,
  "final_position_error_m": 0.7903599756559652,
  "duration_s": 46.28284929999995,
  "num_samples": 1389,
  "stop_reason": "target_reached",
  "target_reached": true,
  "forward_command": 2.0,
  "forward_command_vector": [
    0.0,
    0.0,
    0.0,
    0.0,
    2.0,
    2.0,
    2.0,
    2.0
  ],
  "old_forward_command_default": 12.0,
  "new_forward_command_default": 2.0,
  "dvl_forward_index": 0,
  "dvl_forward_sign": 1.0,
  "warmup_ticks": 10,
  "elapsed_wall_clock_time_s": 46.2829749,
  "time_source": "wall_clock",
  "dt_source": "wall_clock",
  "mean_dt": 0.03334499229106625,
  "std_dt": 0.00013178049353834042,
  "dt_fallback_count": 0,
  "speed_warning_threshold_mps": 1.0,
  "max_dvl_speed_warning_threshold_mps": 1.5,
  "mean_dvl_forward_velocity_mps": 0.4320371651625069,
  "max_dvl_forward_velocity_mps": 0.5762023329734802,
  "average_dvl_speed_mps": 0.43238160553935556,
  "average_pose_speed_mps": 0.43399961280401433,
  "mean_speed_mps": 0.43399961280401433,
  "initial_pose": {
    "x": 0.0,
    "y": 0.0005184407345950603,
    "z": -4.0
  },
  "final_pose": {
    "x": 20.07131004333496,
    "y": 0.7876548767089844,
    "z": -4.0
  },
  "distance_validation_warnings": [],
  "diagnostic_distance_check": false,
  "experiment_label": "Step 2 current-distance grid",
  "current_x": 0.0,
  "current_y": 0.25,
  "current_z": 0.0,
  "current_magnitude": 0.25,
  "current_api_method": "env.set_ocean_currents(agent_name, velocity)",
  "current_application_mode": "every_step",
  "current_application_calls": 1399,
  "final_lateral_offset": 0.7871364359743893,
  "summary_title": "Step 2 current-distance grid run summary",
  "output_dir": "C:\\Users\\andrea.bedei3\\Desktop\\HoloMotion\\results\\step_02_current_distance_grid\\20260514_101153\\target_20m_current_x_0_y_0p25_z_0_rep_02",
  "dvl_pose_sanity_check": {
    "dvl_estimated_distance_m": 20.011852689270018,
    "pose_forward_displacement_m": 20.07131004333496,
    "lateral_drift_m": 0.7871364359743893,
    "lateral_drift_ratio": 0.039216993523338656,
    "opposite_signs": false,
    "warning": ""
  },
  "current_warning": "",
  "target_distance": 20.0,
  "dvl_estimated_distance": 20.011852689270018,
  "pose_forward_displacement": 20.07131004333496,
  "pose_euclidean_displacement": 20.086738675666524,
  "longitudinal_error": 0.07131004333496094,
  "absolute_longitudinal_error": 0.07131004333496094,
  "absolute_error": 0.05945735406494279,
  "lateral_drift": 0.7871364359743893,
  "final_position_error": 0.7903599756559652,
  "duration": 46.28284929999995,
  "sample_count": 1389,
  "average_pose_speed": 0.43399961280401433,
  "max_dvl_forward_velocity": 0.5762023329734802,
  "mean_dvl_forward_velocity": 0.4320371651625069
}
