{
  "target_distance_m": 20.0,
  "dvl_estimated_distance_m": 20.01442992543911,
  "pose_forward_displacement_m": 20.02709197998047,
  "pose_ground_truth_displacement_m": 20.042485922428924,
  "longitudinal_error_m": 0.02709197998046875,
  "absolute_longitudinal_error_m": 0.02709197998046875,
  "signed_error_m": -0.012662054541358714,
  "absolute_distance_error_m": 0.012662054541358714,
  "percentage_error": 0.0632246286880591,
  "lateral_drift_m": 0.7853844766505063,
  "final_position_error_m": 0.7858516091113206,
  "duration_s": 46.17922510000017,
  "num_samples": 1386,
  "stop_reason": "target_reached",
  "target_reached": true,
  "forward_command": 2.0,
  "forward_command_vector": [
    0.0,
    0.0,
    0.0,
    0.0,
    2.0,
    2.0,
    2.0,
    2.0
  ],
  "old_forward_command_default": 12.0,
  "new_forward_command_default": 2.0,
  "dvl_forward_index": 0,
  "dvl_forward_sign": 1.0,
  "warmup_ticks": 10,
  "elapsed_wall_clock_time_s": 46.17929689999983,
  "time_source": "wall_clock",
  "dt_source": "wall_clock",
  "mean_dt": 0.033342400794223945,
  "std_dt": 8.911463435628008e-05,
  "dt_fallback_count": 0,
  "speed_warning_threshold_mps": 1.0,
  "max_dvl_speed_warning_threshold_mps": 1.5,
  "mean_dvl_forward_velocity_mps": 0.43309869209854107,
  "max_dvl_forward_velocity_mps": 0.555834949016571,
  "average_dvl_speed_mps": 0.43340766074134573,
  "average_pose_speed_mps": 0.43401520660052934,
  "mean_speed_mps": 0.43401520660052934,
  "initial_pose": {
    "x": 0.0,
    "y": 0.0005184407345950603,
    "z": -4.0
  },
  "final_pose": {
    "x": 20.02709197998047,
    "y": 0.7859029173851013,
    "z": -4.0
  },
  "distance_validation_warnings": [],
  "diagnostic_distance_check": false,
  "experiment_label": "Step 2 current-distance grid",
  "current_x": 0.0,
  "current_y": 0.25,
  "current_z": 0.0,
  "current_magnitude": 0.25,
  "current_api_method": "env.set_ocean_currents(agent_name, velocity)",
  "current_application_mode": "every_step",
  "current_application_calls": 1396,
  "final_lateral_offset": 0.7853844766505063,
  "summary_title": "Step 2 current-distance grid run summary",
  "output_dir": "C:\\Users\\andrea.bedei3\\Desktop\\HoloMotion\\results\\step_02_current_distance_grid\\20260514_101153\\target_20m_current_x_0_y_0p25_z_0_rep_03",
  "dvl_pose_sanity_check": {
    "dvl_estimated_distance_m": 20.01442992543911,
    "pose_forward_displacement_m": 20.02709197998047,
    "lateral_drift_m": 0.7853844766505063,
    "lateral_drift_ratio": 0.03921610174036222,
    "opposite_signs": false,
    "warning": ""
  },
  "current_warning": "",
  "target_distance": 20.0,
  "dvl_estimated_distance": 20.01442992543911,
  "pose_forward_displacement": 20.02709197998047,
  "pose_euclidean_displacement": 20.042485922428924,
  "longitudinal_error": 0.02709197998046875,
  "absolute_longitudinal_error": 0.02709197998046875,
  "absolute_error": 0.012662054541358714,
  "lateral_drift": 0.7853844766505063,
  "final_position_error": 0.7858516091113206,
  "duration": 46.17922510000017,
  "sample_count": 1386,
  "average_pose_speed": 0.43401520660052934,
  "max_dvl_forward_velocity": 0.555834949016571,
  "mean_dvl_forward_velocity": 0.43309869209854107
}
