{
  "target_distance_m": 10.0,
  "dvl_estimated_distance_m": 10.000190887365438,
  "pose_forward_displacement_m": 9.959108352661133,
  "pose_ground_truth_displacement_m": 9.971566405983706,
  "longitudinal_error_m": -0.04089164733886719,
  "absolute_longitudinal_error_m": 0.04089164733886719,
  "signed_error_m": 0.04108253470430512,
  "absolute_distance_error_m": 0.04108253470430512,
  "percentage_error": 0.41251217729072726,
  "lateral_drift_m": 0.4982945001684129,
  "final_position_error_m": 0.49996953479204587,
  "duration_s": 41.95172790000004,
  "num_samples": 1259,
  "stop_reason": "target_reached",
  "target_reached": true,
  "current_x": 0.0,
  "current_y": 0.5,
  "current_z": 0.0,
  "current_magnitude": 0.5,
  "current_application_mode": "every_step",
  "current_application_calls": 1269,
  "desired_forward_velocity": 0.3,
  "desired_lateral_velocity": 0.0,
  "kp_forward": 20.0,
  "kp_lateral": 12.0,
  "max_forward_command": 2.0,
  "max_lateral_command": 2.0,
  "max_thruster_command": 2.0,
  "final_clipping_applied": true,
  "dvl_forward_index": 0,
  "dvl_forward_sign": 1.0,
  "dvl_lateral_index": 1,
  "dvl_lateral_sign": 1.0,
  "elapsed_wall_clock_time_s": 41.95220789999996,
  "time_source": "wall_clock",
  "dt_source": "wall_clock",
  "mean_dt": 0.03334795540540544,
  "std_dt": 0.00015370481767667423,
  "dt_fallback_count": 0,
  "initial_pose": {
    "x": 0.0,
    "y": 0.002058895770460367,
    "z": -4.0
  },
  "final_pose": {
    "x": 9.959108352661133,
    "y": 0.5003533959388733,
    "z": -4.0
  },
  "average_dvl_speed_mps": 0.23837375450190762,
  "average_pose_speed": 0.23769143501676118,
  "average_pose_speed_mps": 0.23769143501676118,
  "mean_dvl_forward_velocity_mps": 0.2381675607799253,
  "max_dvl_forward_velocity_mps": 0.36122721433639526,
  "controller_type": "DVLVelocityTrackingController",
  "output_dir": "C:\\Users\\andrea.bedei3\\Desktop\\HoloMotion\\results\\step_02b_compensation_comparison\\20260514_114031\\target_10m_current_y_0p5_rep_02_dvl_velocity_compensation",
  "distance_validation_warnings": [],
  "dvl_pose_sanity_check": {
    "dvl_estimated_distance_m": 10.000190887365438,
    "pose_forward_displacement_m": 9.959108352661133,
    "lateral_drift_m": 0.4982945001684129,
    "lateral_drift_ratio": 0.050034047479287205,
    "opposite_signs": false,
    "warning": ""
  },
  "velocity_tracking_metric_sample_count": 1258,
  "mean_forward_velocity_error": 0.06162673097654633,
  "std_forward_velocity_error": 0.04058167590522417,
  "mean_lateral_velocity_error": -0.011582924907107252,
  "std_lateral_velocity_error": 0.03773587313701846,
  "mean_abs_lateral_velocity_error": 0.03176842361525871,
  "max_abs_lateral_velocity_error": 0.14438436925411224,
  "mean_command_effort": 2.4724828167155732,
  "max_command_effort": 3.999716132104857,
  "target_distance": 10.0,
  "dvl_estimated_distance": 10.000190887365438,
  "pose_forward_displacement": 9.959108352661133,
  "pose_euclidean_displacement": 9.971566405983706,
  "longitudinal_error": -0.04089164733886719,
  "absolute_longitudinal_error": 0.04089164733886719,
  "absolute_error": 0.04108253470430512,
  "lateral_drift": 0.4982945001684129,
  "final_position_error": 0.49996953479204587,
  "duration": 41.95172790000004,
  "sample_count": 1259,
  "max_dvl_forward_velocity": 0.36122721433639526,
  "mean_dvl_forward_velocity": 0.2381675607799253
}
