{
  "target_distance_m": 20.0,
  "dvl_estimated_distance_m": 13.989996778589642,
  "pose_forward_displacement_m": 13.966012001037598,
  "pose_ground_truth_displacement_m": 14.205683522900141,
  "longitudinal_error_m": -6.033987998962402,
  "absolute_longitudinal_error_m": 6.033987998962402,
  "signed_error_m": 0.023984777552044534,
  "absolute_distance_error_m": 0.023984777552044534,
  "percentage_error": 0.17173676744844982,
  "lateral_drift_m": 2.5984520660713315,
  "final_position_error_m": 6.5697004734837545,
  "duration_s": 60.01902009999998,
  "num_samples": 1801,
  "stop_reason": "timeout",
  "target_reached": false,
  "current_x": 0.0,
  "current_y": 1.0,
  "current_z": 0.0,
  "current_magnitude": 1.0,
  "current_application_mode": "every_step",
  "current_application_calls": 1811,
  "desired_forward_velocity": 0.3,
  "desired_lateral_velocity": 0.0,
  "kp_forward": 20.0,
  "kp_lateral": 12.0,
  "max_forward_command": 2.0,
  "max_lateral_command": 2.0,
  "max_thruster_command": 2.0,
  "final_clipping_applied": true,
  "dvl_forward_index": 0,
  "dvl_forward_sign": 1.0,
  "dvl_lateral_index": 1,
  "dvl_lateral_sign": 1.0,
  "elapsed_wall_clock_time_s": 60.01914790000001,
  "time_source": "wall_clock",
  "dt_source": "wall_clock",
  "mean_dt": 0.03334390005555554,
  "std_dt": 0.00012162935142370667,
  "dt_fallback_count": 0,
  "initial_pose": {
    "x": 0.0,
    "y": 0.008119369857013226,
    "z": -4.0
  },
  "final_pose": {
    "x": 13.966012001037598,
    "y": 2.6065714359283447,
    "z": -4.0
  },
  "average_dvl_speed_mps": 0.2330927221950704,
  "average_pose_speed": 0.23668636207708008,
  "average_pose_speed_mps": 0.23668636207708008,
  "mean_dvl_forward_velocity_mps": 0.23294433675665535,
  "max_dvl_forward_velocity_mps": 0.39101019501686096,
  "controller_type": "DVLVelocityTrackingController",
  "output_dir": "results\\step_02b_compensation_comparison\\20260514_114031\\target_20m_current_y_1_rep_02_dvl_velocity_compensation",
  "distance_validation_warnings": [],
  "dvl_pose_sanity_check": {
    "dvl_estimated_distance_m": 13.989996778589642,
    "pose_forward_displacement_m": 13.966012001037598,
    "lateral_drift_m": 2.5984520660713315,
    "lateral_drift_ratio": 0.18605540836412576,
    "opposite_signs": false,
    "warning": ""
  },
  "velocity_tracking_metric_sample_count": 1800,
  "mean_forward_velocity_error": 0.06690887434395135,
  "std_forward_velocity_error": 0.04062157489402692,
  "mean_lateral_velocity_error": -0.04233460436901623,
  "std_lateral_velocity_error": 0.03680650164557333,
  "mean_abs_lateral_velocity_error": 0.04709803441312942,
  "max_abs_lateral_velocity_error": 0.1555773913860321,
  "mean_command_effort": 2.6441861229713988,
  "max_command_effort": 3.9916381960670027,
  "target_distance": 20.0,
  "dvl_estimated_distance": 13.989996778589642,
  "pose_forward_displacement": 13.966012001037598,
  "pose_euclidean_displacement": 14.205683522900141,
  "longitudinal_error": -6.033987998962402,
  "absolute_longitudinal_error": 6.033987998962402,
  "absolute_error": 0.023984777552044534,
  "lateral_drift": 2.5984520660713315,
  "final_position_error": 6.5697004734837545,
  "duration": 60.01902009999998,
  "sample_count": 1801,
  "max_dvl_forward_velocity": 0.39101019501686096,
  "mean_dvl_forward_velocity": 0.23294433675665535
}
