{
  "controller_name": "dvl_p_altitude_hold",
  "target_distance": 5.0,
  "desired_altitude": 1.5,
  "current_y": 0.0,
  "repetition": 2,
  "target_reached": true,
  "timeout": false,
  "collision": false,
  "unsafe_altitude": false,
  "invalid_ping_failure": false,
  "runtime_seconds": 20.8724859,
  "elapsed_wall_clock_time_s": 26.439584600000003,
  "final_forward_progress": 4.96945858001709,
  "final_forward_error": 0.030541419982910156,
  "final_lateral_drift": 0.00934755988419056,
  "mean_altitude_error": 0.14676013194392934,
  "mean_abs_altitude_error": 0.16399799674701843,
  "rmse_altitude_error": 0.17332234623131063,
  "max_abs_altitude_error": 0.21966612339019775,
  "final_altitude_error": 0.16072797775268555,
  "min_altitude": 1.2803338766098022,
  "max_altitude": 1.6367454528808594,
  "time_inside_altitude_band_percent": 68.10207336523126,
  "time_below_safe_altitude_percent": 0.0,
  "vertical_command_mean_abs": 0.09842491869728405,
  "vertical_command_max_abs": 0.13179967403411866,
  "vertical_saturation_percent": 0.0,
  "notes": "",
  "stop_reason": "target_reached",
  "output_dir": "C:\\Users\\andrea.bedei3\\Desktop\\HoloMotion\\results\\step_03_altitude_hold\\20260515_135217\\target_5m_alt_1p5m_current_y_0_rep_02",
  "sample_count": 627,
  "altitude_tolerance": 0.2,
  "min_safe_altitude": 0.5,
  "kp_altitude": 0.6,
  "max_vertical_command": 0.8,
  "current_application_calls": 0,
  "mean_dt": 0.03334262923322684,
  "std_dt": 0.00012137300950452192
}
