{
  "controller_name": "dvl_p_altitude_hold",
  "target_distance": 5.0,
  "desired_altitude": 1.5,
  "current_y": 0.0,
  "repetition": 0,
  "target_reached": true,
  "timeout": false,
  "collision": false,
  "unsafe_altitude": false,
  "invalid_ping_failure": false,
  "runtime_seconds": 21.0058539,
  "elapsed_wall_clock_time_s": 26.6095954,
  "final_forward_progress": 4.988032341003418,
  "final_forward_error": 0.011967658996582031,
  "final_lateral_drift": 0.06692659854888916,
  "mean_altitude_error": 0.14819581232811493,
  "mean_abs_altitude_error": 0.1649536088982777,
  "rmse_altitude_error": 0.17395177820077667,
  "max_abs_altitude_error": 0.22138333320617676,
  "final_altitude_error": 0.16338682174682617,
  "min_altitude": 1.2786166667938232,
  "max_altitude": 1.6367454528808594,
  "time_inside_altitude_band_percent": 68.62123613312204,
  "time_below_safe_altitude_percent": 0.0,
  "vertical_command_mean_abs": 0.0989990302494594,
  "vertical_command_max_abs": 0.13282999992370606,
  "vertical_saturation_percent": 0.0,
  "notes": "",
  "stop_reason": "target_reached",
  "output_dir": "C:\\Users\\andrea.bedei3\\Desktop\\HoloMotion\\results\\step_03_altitude_hold\\20260515_135109",
  "sample_count": 631,
  "altitude_tolerance": 0.2,
  "min_safe_altitude": 0.5,
  "kp_altitude": 0.6,
  "max_vertical_command": 0.8,
  "current_application_calls": 0,
  "mean_dt": 0.03334262523809524,
  "std_dt": 9.487098531736929e-05
}
