{
  "controller_name": "dvl_p_altitude_hold",
  "target_distance": 20.0,
  "desired_altitude": 1.5,
  "current_y": 0.5,
  "repetition": 1,
  "target_reached": true,
  "timeout": false,
  "collision": false,
  "unsafe_altitude": false,
  "invalid_ping_failure": false,
  "runtime_seconds": 83.93015629999991,
  "elapsed_wall_clock_time_s": 89.4193813999999,
  "final_forward_progress": 19.837253496050835,
  "final_forward_error": 0.16274650394916534,
  "final_lateral_drift": 0.9682351029478014,
  "mean_altitude_error": -0.0071559835363317415,
  "mean_abs_altitude_error": 0.14850668870692477,
  "rmse_altitude_error": 0.16414974610397082,
  "max_abs_altitude_error": 0.2655216455459595,
  "final_altitude_error": 0.13761568069458008,
  "min_altitude": 1.2565349340438843,
  "max_altitude": 1.7655216455459595,
  "time_inside_altitude_band_percent": 72.02093397745571,
  "time_below_safe_altitude_percent": 0.0,
  "vertical_command_mean_abs": 0.08910697657784482,
  "vertical_command_max_abs": 0.15931298732757568,
  "vertical_saturation_percent": 0.0,
  "notes": "",
  "stop_reason": "target_reached",
  "output_dir": "C:\\Users\\andrea.bedei3\\Desktop\\HoloMotion\\results\\step_03_altitude_hold\\20260515_135217\\target_20m_alt_1p5m_current_y_0p5_rep_01",
  "sample_count": 2484,
  "altitude_tolerance": 0.2,
  "min_safe_altitude": 0.5,
  "kp_altitude": 0.6,
  "max_vertical_command": 0.8,
  "current_application_calls": 2494,
  "mean_dt": 0.0338019155457108,
  "std_dt": 0.013411790326551471
}
