{
  "target_distance_m": 20.0,
  "dvl_estimated_distance_m": 20.003553109122468,
  "pose_forward_displacement_m": 20.018028259277344,
  "pose_ground_truth_displacement_m": 20.117452122701003,
  "longitudinal_error_m": 0.01802825927734375,
  "absolute_longitudinal_error_m": 0.01802825927734375,
  "signed_error_m": -0.014475150154876104,
  "absolute_distance_error_m": 0.014475150154876104,
  "percentage_error": 0.0723105690899782,
  "lateral_drift_m": 1.9976046956144273,
  "final_position_error_m": 1.9976860459224768,
  "duration_s": 46.979426099999955,
  "num_samples": 1410,
  "stop_reason": "target_reached",
  "target_reached": true,
  "forward_command": 2.0,
  "forward_command_vector": [
    0.0,
    0.0,
    0.0,
    0.0,
    2.0,
    2.0,
    2.0,
    2.0
  ],
  "old_forward_command_default": 12.0,
  "new_forward_command_default": 2.0,
  "dvl_forward_index": 0,
  "dvl_forward_sign": 1.0,
  "warmup_ticks": 10,
  "elapsed_wall_clock_time_s": 46.97950930000002,
  "time_source": "wall_clock",
  "dt_source": "wall_clock",
  "mean_dt": 0.03334238899929025,
  "std_dt": 0.00010086239542144411,
  "dt_fallback_count": 0,
  "speed_warning_threshold_mps": 1.0,
  "max_dvl_speed_warning_threshold_mps": 1.5,
  "mean_dvl_forward_velocity_mps": 0.4254776283788184,
  "max_dvl_forward_velocity_mps": 0.5561621785163879,
  "average_dvl_speed_mps": 0.42579390106944043,
  "average_pose_speed_mps": 0.4282183456196163,
  "mean_speed_mps": 0.4282183456196163,
  "initial_pose": {
    "x": 0.0,
    "y": 0.002058895770460367,
    "z": -4.0
  },
  "final_pose": {
    "x": 20.018028259277344,
    "y": 1.9996635913848877,
    "z": -4.0
  },
  "distance_validation_warnings": [],
  "diagnostic_distance_check": false,
  "experiment_label": "Step 2 current-distance grid",
  "current_x": 0.0,
  "current_y": 0.5,
  "current_z": 0.0,
  "current_magnitude": 0.5,
  "current_api_method": "env.set_ocean_currents(agent_name, velocity)",
  "current_application_mode": "every_step",
  "current_application_calls": 1420,
  "final_lateral_offset": 1.9976046956144273,
  "summary_title": "Step 2 current-distance grid run summary",
  "output_dir": "C:\\Users\\andrea.bedei3\\Desktop\\HoloMotion\\results\\step_02_current_distance_grid\\20260514_101153\\target_20m_current_x_0_y_0p5_z_0_rep_03",
  "dvl_pose_sanity_check": {
    "dvl_estimated_distance_m": 20.003553109122468,
    "pose_forward_displacement_m": 20.018028259277344,
    "lateral_drift_m": 1.9976046956144273,
    "lateral_drift_ratio": 0.09979028252638411,
    "opposite_signs": false,
    "warning": ""
  },
  "current_warning": "",
  "target_distance": 20.0,
  "dvl_estimated_distance": 20.003553109122468,
  "pose_forward_displacement": 20.018028259277344,
  "pose_euclidean_displacement": 20.117452122701003,
  "longitudinal_error": 0.01802825927734375,
  "absolute_longitudinal_error": 0.01802825927734375,
  "absolute_error": 0.014475150154876104,
  "lateral_drift": 1.9976046956144273,
  "final_position_error": 1.9976860459224768,
  "duration": 46.979426099999955,
  "sample_count": 1410,
  "average_pose_speed": 0.4282183456196163,
  "max_dvl_forward_velocity": 0.5561621785163879,
  "mean_dvl_forward_velocity": 0.4254776283788184
}
