{
  "target_distance_m": 5.0,
  "dvl_estimated_distance_m": 5.00394463128904,
  "pose_forward_displacement_m": 4.9388322830200195,
  "pose_ground_truth_displacement_m": 4.9450705851613135,
  "longitudinal_error_m": -0.06116771697998047,
  "absolute_longitudinal_error_m": 0.06116771697998047,
  "signed_error_m": 0.06511234826902079,
  "absolute_distance_error_m": 0.06511234826902079,
  "percentage_error": 1.3183753676528087,
  "lateral_drift_m": 0.24831184512004256,
  "final_position_error_m": 0.25573474935460566,
  "duration_s": 21.105972599999987,
  "num_samples": 634,
  "stop_reason": "target_reached",
  "target_reached": true,
  "current_x": 0.0,
  "current_y": 0.5,
  "current_z": 0.0,
  "current_magnitude": 0.5,
  "current_application_mode": "every_step",
  "current_application_calls": 644,
  "desired_forward_velocity": 0.3,
  "desired_lateral_velocity": 0.0,
  "kp_forward": 20.0,
  "kp_lateral": 12.0,
  "max_forward_command": 2.0,
  "max_lateral_command": 2.0,
  "max_thruster_command": 2.0,
  "final_clipping_applied": true,
  "dvl_forward_index": 0,
  "dvl_forward_sign": 1.0,
  "dvl_lateral_index": 1,
  "dvl_lateral_sign": 1.0,
  "elapsed_wall_clock_time_s": 21.1060638,
  "time_source": "wall_clock",
  "dt_source": "wall_clock",
  "mean_dt": 0.033342768720379126,
  "std_dt": 8.18708770365092e-05,
  "dt_fallback_count": 0,
  "initial_pose": {
    "x": 0.0,
    "y": 0.002058895770460367,
    "z": -4.0
  },
  "final_pose": {
    "x": 4.9388322830200195,
    "y": 0.25037074089050293,
    "z": -4.0
  },
  "average_dvl_speed_mps": 0.23708666386163335,
  "average_pose_speed": 0.23429721429474976,
  "average_pose_speed_mps": 0.23429721429474976,
  "mean_dvl_forward_velocity_mps": 0.2367756864855107,
  "max_dvl_forward_velocity_mps": 0.34601879119873047,
  "controller_type": "DVLVelocityTrackingController",
  "output_dir": "C:\\Users\\andrea.bedei3\\Desktop\\HoloMotion\\results\\step_02b_compensation_comparison\\20260514_114031\\target_5m_current_y_0p5_rep_03_dvl_velocity_compensation",
  "distance_validation_warnings": [],
  "dvl_pose_sanity_check": {
    "dvl_estimated_distance_m": 5.00394463128904,
    "pose_forward_displacement_m": 4.9388322830200195,
    "lateral_drift_m": 0.24831184512004256,
    "lateral_drift_ratio": 0.05027744027140839,
    "opposite_signs": false,
    "warning": ""
  },
  "velocity_tracking_metric_sample_count": 633,
  "mean_forward_velocity_error": 0.06291210470665218,
  "std_forward_velocity_error": 0.04303720052651225,
  "mean_lateral_velocity_error": -0.01199845213980841,
  "std_lateral_velocity_error": 0.036810316424486574,
  "mean_abs_lateral_velocity_error": 0.031067821554814138,
  "max_abs_lateral_velocity_error": 0.1195816621184349,
  "mean_command_effort": 2.4730024116189337,
  "max_command_effort": 3.9916203871020306,
  "target_distance": 5.0,
  "dvl_estimated_distance": 5.00394463128904,
  "pose_forward_displacement": 4.9388322830200195,
  "pose_euclidean_displacement": 4.9450705851613135,
  "longitudinal_error": -0.06116771697998047,
  "absolute_longitudinal_error": 0.06116771697998047,
  "absolute_error": 0.06511234826902079,
  "lateral_drift": 0.24831184512004256,
  "final_position_error": 0.25573474935460566,
  "duration": 21.105972599999987,
  "sample_count": 634,
  "max_dvl_forward_velocity": 0.34601879119873047,
  "mean_dvl_forward_velocity": 0.2367756864855107
}
