{
  "target_distance_m": 20.0,
  "dvl_estimated_distance_m": 20.006212377948057,
  "pose_forward_displacement_m": 20.063764572143555,
  "pose_ground_truth_displacement_m": 20.086236534514512,
  "longitudinal_error_m": 0.06376457214355469,
  "absolute_longitudinal_error_m": 0.06376457214355469,
  "signed_error_m": -0.057552194195498174,
  "absolute_distance_error_m": 0.057552194195498174,
  "percentage_error": 0.28684643895494766,
  "lateral_drift_m": 0.9498680508695543,
  "final_position_error_m": 0.9520059005717226,
  "duration_s": 54.28411899999992,
  "num_samples": 1629,
  "stop_reason": "target_reached",
  "target_reached": true,
  "current_x": 0.0,
  "current_y": 0.5,
  "current_z": 0.0,
  "current_magnitude": 0.5,
  "current_application_mode": "every_step",
  "current_application_calls": 1639,
  "desired_forward_velocity": 0.5,
  "desired_lateral_velocity": 0.0,
  "kp_forward": 20.0,
  "kp_lateral": 12.0,
  "max_forward_command": 2.0,
  "max_lateral_command": 2.0,
  "max_thruster_command": 2.0,
  "final_clipping_applied": true,
  "dvl_forward_index": 0,
  "dvl_forward_sign": 1.0,
  "dvl_lateral_index": 1,
  "dvl_lateral_sign": 1.0,
  "elapsed_wall_clock_time_s": 54.28425160000006,
  "time_source": "wall_clock",
  "dt_source": "wall_clock",
  "mean_dt": 0.03334405343980339,
  "std_dt": 9.756456336563947e-05,
  "dt_fallback_count": 0,
  "initial_pose": {
    "x": 0.0,
    "y": 0.002058895770460367,
    "z": -4.0
  },
  "final_pose": {
    "x": 20.063764572143555,
    "y": 0.9519269466400146,
    "z": -4.0
  },
  "average_dvl_speed_mps": 0.3685463215852888,
  "average_pose_speed": 0.3700204941064723,
  "average_pose_speed_mps": 0.3700204941064723,
  "mean_dvl_forward_velocity_mps": 0.36828717751402185,
  "max_dvl_forward_velocity_mps": 0.49762845039367676,
  "controller_type": "DVLVelocityTrackingController",
  "output_dir": "C:\\Users\\andrea.bedei3\\Desktop\\HoloMotion\\results\\step_02c_pi_compensation_comparison\\20260515_111553\\target_20m_current_y_0p5_rep_03_dvl_velocity_compensation",
  "distance_validation_warnings": [],
  "dvl_pose_sanity_check": {
    "dvl_estimated_distance_m": 20.006212377948057,
    "pose_forward_displacement_m": 20.063764572143555,
    "lateral_drift_m": 0.9498680508695543,
    "lateral_drift_ratio": 0.0473424639455921,
    "opposite_signs": false,
    "warning": ""
  },
  "velocity_tracking_metric_sample_count": 1628,
  "mean_forward_velocity_error": 0.13145368328061716,
  "std_forward_velocity_error": 0.04901125025085744,
  "mean_lateral_velocity_error": -0.016490547301851996,
  "std_lateral_velocity_error": 0.037516323482693445,
  "mean_abs_lateral_velocity_error": 0.03285085326382708,
  "max_abs_lateral_velocity_error": 0.14569126069545746,
  "mean_command_effort": 3.5097928830853222,
  "max_command_effort": 3.999364547558309,
  "target_distance": 20.0,
  "dvl_estimated_distance": 20.006212377948057,
  "pose_forward_displacement": 20.063764572143555,
  "pose_euclidean_displacement": 20.086236534514512,
  "longitudinal_error": 0.06376457214355469,
  "absolute_longitudinal_error": 0.06376457214355469,
  "absolute_error": 0.057552194195498174,
  "lateral_drift": 0.9498680508695543,
  "final_position_error": 0.9520059005717226,
  "duration": 54.28411899999992,
  "sample_count": 1629,
  "max_dvl_forward_velocity": 0.49762845039367676,
  "mean_dvl_forward_velocity": 0.36828717751402185
}
