{
  "target_distance_m": 5.0,
  "dvl_estimated_distance_m": 5.005454704771577,
  "pose_forward_displacement_m": 4.931003570556641,
  "pose_ground_truth_displacement_m": 5.025359577513096,
  "longitudinal_error_m": -0.06899642944335938,
  "absolute_longitudinal_error_m": 0.06899642944335938,
  "signed_error_m": 0.07445113421493676,
  "absolute_distance_error_m": 0.07445113421493676,
  "percentage_error": 1.509857641545619,
  "lateral_drift_m": 0.9692485081031919,
  "final_position_error_m": 0.9717011771816455,
  "duration_s": 21.672656200000006,
  "num_samples": 651,
  "stop_reason": "target_reached",
  "target_reached": true,
  "current_x": 0.0,
  "current_y": 1.0,
  "current_z": 0.0,
  "current_magnitude": 1.0,
  "current_application_mode": "every_step",
  "current_application_calls": 661,
  "desired_forward_velocity": 0.3,
  "desired_lateral_velocity": 0.0,
  "kp_forward": 20.0,
  "kp_lateral": 12.0,
  "max_forward_command": 2.0,
  "max_lateral_command": 2.0,
  "max_thruster_command": 2.0,
  "final_clipping_applied": true,
  "dvl_forward_index": 0,
  "dvl_forward_sign": 1.0,
  "dvl_lateral_index": 1,
  "dvl_lateral_sign": 1.0,
  "elapsed_wall_clock_time_s": 21.672808999999972,
  "time_source": "wall_clock",
  "dt_source": "wall_clock",
  "mean_dt": 0.03334254800000001,
  "std_dt": 8.710719552039986e-05,
  "dt_fallback_count": 0,
  "initial_pose": {
    "x": 0.0,
    "y": 0.008119369857013226,
    "z": -4.0
  },
  "final_pose": {
    "x": 4.931003570556641,
    "y": 0.9773678779602051,
    "z": -4.0
  },
  "average_dvl_speed_mps": 0.2309571405821302,
  "average_pose_speed": 0.23187557312486204,
  "average_pose_speed_mps": 0.23187557312486204,
  "mean_dvl_forward_velocity_mps": 0.2306869148681607,
  "max_dvl_forward_velocity_mps": 0.3426731526851654,
  "controller_type": "DVLVelocityTrackingController",
  "output_dir": "C:\\Users\\andrea.bedei3\\Desktop\\HoloMotion\\results\\step_02b_compensation_comparison\\20260514_114031\\target_5m_current_y_1_rep_02_dvl_velocity_compensation",
  "distance_validation_warnings": [],
  "dvl_pose_sanity_check": {
    "dvl_estimated_distance_m": 5.005454704771577,
    "pose_forward_displacement_m": 4.931003570556641,
    "lateral_drift_m": 0.9692485081031919,
    "lateral_drift_ratio": 0.1965621184885448,
    "opposite_signs": false,
    "warning": ""
  },
  "velocity_tracking_metric_sample_count": 650,
  "mean_forward_velocity_error": 0.06904520424512717,
  "std_forward_velocity_error": 0.045324709028699804,
  "mean_lateral_velocity_error": -0.04209012746351968,
  "std_lateral_velocity_error": 0.03753759309209747,
  "mean_abs_lateral_velocity_error": 0.04667803660579151,
  "max_abs_lateral_velocity_error": 0.1464141309261322,
  "mean_command_effort": 2.659556756015897,
  "max_command_effort": 3.9901051761629485,
  "target_distance": 5.0,
  "dvl_estimated_distance": 5.005454704771577,
  "pose_forward_displacement": 4.931003570556641,
  "pose_euclidean_displacement": 5.025359577513096,
  "longitudinal_error": -0.06899642944335938,
  "absolute_longitudinal_error": 0.06899642944335938,
  "absolute_error": 0.07445113421493676,
  "lateral_drift": 0.9692485081031919,
  "final_position_error": 0.9717011771816455,
  "duration": 21.672656200000006,
  "sample_count": 651,
  "max_dvl_forward_velocity": 0.3426731526851654,
  "mean_dvl_forward_velocity": 0.2306869148681607
}
