{
  "target_distance_m": 5.0,
  "dvl_estimated_distance_m": 5.0057493684089645,
  "pose_forward_displacement_m": 5.022424697875977,
  "pose_ground_truth_displacement_m": 5.026050600570827,
  "longitudinal_error_m": 0.022424697875976562,
  "absolute_longitudinal_error_m": 0.022424697875976562,
  "signed_error_m": -0.016675329467012112,
  "absolute_distance_error_m": 0.016675329467012112,
  "percentage_error": 0.33201751086610104,
  "lateral_drift_m": 0.19087900267913938,
  "final_position_error_m": 0.19219172911083277,
  "duration_s": 12.236637700000003,
  "num_samples": 368,
  "stop_reason": "target_reached",
  "target_reached": true,
  "forward_command": 2.0,
  "forward_command_vector": [
    0.0,
    0.0,
    0.0,
    0.0,
    2.0,
    2.0,
    2.0,
    2.0
  ],
  "old_forward_command_default": 12.0,
  "new_forward_command_default": 2.0,
  "dvl_forward_index": 0,
  "dvl_forward_sign": 1.0,
  "warmup_ticks": 10,
  "elapsed_wall_clock_time_s": 12.236709800000007,
  "time_source": "wall_clock",
  "dt_source": "wall_clock",
  "mean_dt": 0.033342337057220714,
  "std_dt": 7.179139656957196e-05,
  "dt_fallback_count": 0,
  "speed_warning_threshold_mps": 1.0,
  "max_dvl_speed_warning_threshold_mps": 1.5,
  "mean_dvl_forward_velocity_mps": 0.40811804578761046,
  "max_dvl_forward_velocity_mps": 0.5301588773727417,
  "average_dvl_speed_mps": 0.4090788246847386,
  "average_pose_speed_mps": 0.41073787782168514,
  "mean_speed_mps": 0.41073787782168514,
  "initial_pose": {
    "x": 0.0,
    "y": 0.0005184407345950603,
    "z": -4.0
  },
  "final_pose": {
    "x": 5.022424697875977,
    "y": 0.19139744341373444,
    "z": -4.0
  },
  "distance_validation_warnings": [],
  "diagnostic_distance_check": false,
  "experiment_label": "Step 2 current-distance grid",
  "current_x": 0.0,
  "current_y": 0.25,
  "current_z": 0.0,
  "current_magnitude": 0.25,
  "current_api_method": "env.set_ocean_currents(agent_name, velocity)",
  "current_application_mode": "every_step",
  "current_application_calls": 378,
  "final_lateral_offset": 0.19087900267913938,
  "summary_title": "Step 2 current-distance grid run summary",
  "output_dir": "C:\\Users\\andrea.bedei3\\Desktop\\HoloMotion\\results\\step_02_current_distance_grid\\20260514_101153\\target_5m_current_x_0_y_0p25_z_0_rep_01",
  "dvl_pose_sanity_check": {
    "dvl_estimated_distance_m": 5.0057493684089645,
    "pose_forward_displacement_m": 5.022424697875977,
    "lateral_drift_m": 0.19087900267913938,
    "lateral_drift_ratio": 0.038005348842733995,
    "opposite_signs": false,
    "warning": ""
  },
  "current_warning": "",
  "target_distance": 5.0,
  "dvl_estimated_distance": 5.0057493684089645,
  "pose_forward_displacement": 5.022424697875977,
  "pose_euclidean_displacement": 5.026050600570827,
  "longitudinal_error": 0.022424697875976562,
  "absolute_longitudinal_error": 0.022424697875976562,
  "absolute_error": 0.016675329467012112,
  "lateral_drift": 0.19087900267913938,
  "final_position_error": 0.19219172911083277,
  "duration": 12.236637700000003,
  "sample_count": 368,
  "average_pose_speed": 0.41073787782168514,
  "max_dvl_forward_velocity": 0.5301588773727417,
  "mean_dvl_forward_velocity": 0.40811804578761046
}
