{
  "target_distance_m": 5.0,
  "dvl_estimated_distance_m": 5.008683854990514,
  "pose_forward_displacement_m": 5.006592273712158,
  "pose_ground_truth_displacement_m": 5.2453107982715785,
  "longitudinal_error_m": 0.006592273712158203,
  "absolute_longitudinal_error_m": 0.006592273712158203,
  "signed_error_m": 0.0020915812783561805,
  "absolute_distance_error_m": 0.0020915812783561805,
  "percentage_error": 0.041776545083136336,
  "lateral_drift_m": 1.5643909918144345,
  "final_position_error_m": 1.5644048815261495,
  "duration_s": 12.903578600000003,
  "num_samples": 388,
  "stop_reason": "target_reached",
  "target_reached": true,
  "forward_command": 2.0,
  "forward_command_vector": [
    0.0,
    0.0,
    0.0,
    0.0,
    2.0,
    2.0,
    2.0,
    2.0
  ],
  "old_forward_command_default": 12.0,
  "new_forward_command_default": 2.0,
  "dvl_forward_index": 0,
  "dvl_forward_sign": 1.0,
  "warmup_ticks": 10,
  "elapsed_wall_clock_time_s": 12.903700700000002,
  "time_source": "wall_clock",
  "dt_source": "wall_clock",
  "mean_dt": 0.033342580361757114,
  "std_dt": 8.371085788532143e-05,
  "dt_fallback_count": 0,
  "speed_warning_threshold_mps": 1.0,
  "max_dvl_speed_warning_threshold_mps": 1.5,
  "mean_dvl_forward_velocity_mps": 0.38709382240338847,
  "max_dvl_forward_velocity_mps": 0.5221205949783325,
  "average_dvl_speed_mps": 0.3881623858198929,
  "average_pose_speed_mps": 0.40650047253337745,
  "mean_speed_mps": 0.40650047253337745,
  "initial_pose": {
    "x": 0.0,
    "y": 0.008119369857013226,
    "z": -4.0
  },
  "final_pose": {
    "x": 5.006592273712158,
    "y": 1.5725103616714478,
    "z": -4.0
  },
  "distance_validation_warnings": [],
  "diagnostic_distance_check": false,
  "experiment_label": "Step 2 current-distance grid",
  "current_x": 0.0,
  "current_y": 1.0,
  "current_z": 0.0,
  "current_magnitude": 1.0,
  "current_api_method": "env.set_ocean_currents(agent_name, velocity)",
  "current_application_mode": "every_step",
  "current_application_calls": 398,
  "final_lateral_offset": 1.5643909918144345,
  "summary_title": "Step 2 current-distance grid run summary",
  "output_dir": "C:\\Users\\andrea.bedei3\\Desktop\\HoloMotion\\results\\step_02_current_distance_grid\\20260514_101153\\target_5m_current_x_0_y_1_z_0_rep_01",
  "dvl_pose_sanity_check": {
    "dvl_estimated_distance_m": 5.008683854990514,
    "pose_forward_displacement_m": 5.006592273712158,
    "lateral_drift_m": 1.5643909918144345,
    "lateral_drift_ratio": 0.3124662257856501,
    "opposite_signs": false,
    "warning": ""
  },
  "current_warning": "",
  "target_distance": 5.0,
  "dvl_estimated_distance": 5.008683854990514,
  "pose_forward_displacement": 5.006592273712158,
  "pose_euclidean_displacement": 5.2453107982715785,
  "longitudinal_error": 0.006592273712158203,
  "absolute_longitudinal_error": 0.006592273712158203,
  "absolute_error": 0.0020915812783561805,
  "lateral_drift": 1.5643909918144345,
  "final_position_error": 1.5644048815261495,
  "duration": 12.903578600000003,
  "sample_count": 388,
  "average_pose_speed": 0.40650047253337745,
  "max_dvl_forward_velocity": 0.5221205949783325,
  "mean_dvl_forward_velocity": 0.38709382240338847
}
