{
  "target_distance_m": 5.0,
  "dvl_estimated_distance_m": 5.013092503824851,
  "pose_forward_displacement_m": 4.985711574554443,
  "pose_ground_truth_displacement_m": 4.992589092761607,
  "longitudinal_error_m": -0.01428842544555664,
  "absolute_longitudinal_error_m": 0.01428842544555664,
  "signed_error_m": 0.02738092927040725,
  "absolute_distance_error_m": 0.02738092927040725,
  "percentage_error": 0.5491879917432687,
  "lateral_drift_m": 0.26196554070338607,
  "final_position_error_m": 0.26235491917959275,
  "duration_s": 14.0709241,
  "num_samples": 423,
  "stop_reason": "target_reached",
  "target_reached": true,
  "current_x": 0.0,
  "current_y": 0.5,
  "current_z": 0.0,
  "current_magnitude": 0.5,
  "current_application_mode": "every_step",
  "current_application_calls": 433,
  "desired_forward_velocity": 0.5,
  "desired_lateral_velocity": 0.0,
  "kp_forward": 20.0,
  "kp_lateral": 12.0,
  "max_forward_command": 2.0,
  "max_lateral_command": 2.0,
  "max_thruster_command": 2.0,
  "final_clipping_applied": true,
  "dvl_forward_index": 0,
  "dvl_forward_sign": 1.0,
  "dvl_lateral_index": 1,
  "dvl_lateral_sign": 1.0,
  "elapsed_wall_clock_time_s": 14.071072799999996,
  "time_source": "wall_clock",
  "dt_source": "wall_clock",
  "mean_dt": 0.03334342203791469,
  "std_dt": 0.00010320685051443799,
  "dt_fallback_count": 0,
  "initial_pose": {
    "x": 0.0,
    "y": 0.002058895770460367,
    "z": -4.0
  },
  "final_pose": {
    "x": 4.985711574554443,
    "y": 0.26402443647384644,
    "z": -4.0
  },
  "average_dvl_speed_mps": 0.3562731536463089,
  "average_pose_speed": 0.3548160062039996,
  "average_pose_speed_mps": 0.3548160062039996,
  "mean_dvl_forward_velocity_mps": 0.3554677452141283,
  "max_dvl_forward_velocity_mps": 0.4819474518299103,
  "controller_type": "DVLVelocityTrackingController",
  "output_dir": "C:\\Users\\andrea.bedei3\\Desktop\\HoloMotion\\results\\step_02b_compensation_comparison\\20260515_103529\\target_5m_current_y_0p5_rep_02_dvl_velocity_compensation",
  "distance_validation_warnings": [],
  "dvl_pose_sanity_check": {
    "dvl_estimated_distance_m": 5.013092503824851,
    "pose_forward_displacement_m": 4.985711574554443,
    "lateral_drift_m": 0.26196554070338607,
    "lateral_drift_ratio": 0.052543260231975426,
    "opposite_signs": false,
    "warning": ""
  },
  "velocity_tracking_metric_sample_count": 422,
  "mean_forward_velocity_error": 0.14372324485495086,
  "std_forward_velocity_error": 0.06923529688326172,
  "mean_lateral_velocity_error": -0.015383017327337442,
  "std_lateral_velocity_error": 0.0391462525519037,
  "mean_abs_lateral_velocity_error": 0.03319892355265571,
  "max_abs_lateral_velocity_error": 0.15095804631710052,
  "mean_command_effort": 3.525899972793374,
  "max_command_effort": 3.998330090688046,
  "target_distance": 5.0,
  "dvl_estimated_distance": 5.013092503824851,
  "pose_forward_displacement": 4.985711574554443,
  "pose_euclidean_displacement": 4.992589092761607,
  "longitudinal_error": -0.01428842544555664,
  "absolute_longitudinal_error": 0.01428842544555664,
  "absolute_error": 0.02738092927040725,
  "lateral_drift": 0.26196554070338607,
  "final_position_error": 0.26235491917959275,
  "duration": 14.0709241,
  "sample_count": 423,
  "max_dvl_forward_velocity": 0.4819474518299103,
  "mean_dvl_forward_velocity": 0.3554677452141283
}
