{
  "target_distance_m": 10.0,
  "dvl_estimated_distance_m": 10.011539161606128,
  "pose_forward_displacement_m": 10.027731895446777,
  "pose_ground_truth_displacement_m": 10.03894350399143,
  "longitudinal_error_m": 0.027731895446777344,
  "absolute_longitudinal_error_m": 0.027731895446777344,
  "signed_error_m": -0.0161927338406489,
  "absolute_distance_error_m": 0.0161927338406489,
  "percentage_error": 0.16147952507586905,
  "lateral_drift_m": 0.47432026034221053,
  "final_position_error_m": 0.475130263607964,
  "duration_s": 42.135195899999985,
  "num_samples": 1263,
  "stop_reason": "target_reached",
  "target_reached": true,
  "current_x": 0.0,
  "current_y": 0.5,
  "current_z": 0.0,
  "current_magnitude": 0.5,
  "current_application_mode": "every_step",
  "current_application_calls": 1273,
  "desired_forward_velocity": 0.3,
  "desired_lateral_velocity": 0.0,
  "kp_forward": 20.0,
  "kp_lateral": 12.0,
  "max_forward_command": 2.0,
  "max_lateral_command": 2.0,
  "max_thruster_command": 2.0,
  "final_clipping_applied": true,
  "dvl_forward_index": 0,
  "dvl_forward_sign": 1.0,
  "dvl_lateral_index": 1,
  "dvl_lateral_sign": 1.0,
  "elapsed_wall_clock_time_s": 42.13530060000005,
  "time_source": "wall_clock",
  "dt_source": "wall_clock",
  "mean_dt": 0.033387635419968295,
  "std_dt": 0.0009647033169196267,
  "dt_fallback_count": 0,
  "initial_pose": {
    "x": 0.0,
    "y": 0.002058895770460367,
    "z": -4.0
  },
  "final_pose": {
    "x": 10.027731895446777,
    "y": 0.4763791561126709,
    "z": -4.0
  },
  "average_dvl_speed_mps": 0.23760514096971677,
  "average_pose_speed": 0.23825553173686403,
  "average_pose_speed_mps": 0.23825553173686403,
  "mean_dvl_forward_velocity_mps": 0.2373632766669196,
  "max_dvl_forward_velocity_mps": 0.374064177274704,
  "controller_type": "DVLVelocityTrackingController",
  "output_dir": "C:\\Users\\andrea.bedei3\\Desktop\\HoloMotion\\results\\step_02b_compensation_comparison\\20260514_114031\\target_10m_current_y_0p5_rep_03_dvl_velocity_compensation",
  "distance_validation_warnings": [],
  "dvl_pose_sanity_check": {
    "dvl_estimated_distance_m": 10.011539161606128,
    "pose_forward_displacement_m": 10.027731895446777,
    "lateral_drift_m": 0.47432026034221053,
    "lateral_drift_ratio": 0.047300851806536814,
    "opposite_signs": false,
    "warning": ""
  },
  "velocity_tracking_metric_sample_count": 1262,
  "mean_forward_velocity_error": 0.06242468272898163,
  "std_forward_velocity_error": 0.041912397570785236,
  "mean_lateral_velocity_error": -0.011934587546973997,
  "std_lateral_velocity_error": 0.03728729208277906,
  "mean_abs_lateral_velocity_error": 0.03144774861342301,
  "max_abs_lateral_velocity_error": 0.14783541858196259,
  "mean_command_effort": 2.4710312364083964,
  "max_command_effort": 3.9959059660363314,
  "target_distance": 10.0,
  "dvl_estimated_distance": 10.011539161606128,
  "pose_forward_displacement": 10.027731895446777,
  "pose_euclidean_displacement": 10.03894350399143,
  "longitudinal_error": 0.027731895446777344,
  "absolute_longitudinal_error": 0.027731895446777344,
  "absolute_error": 0.0161927338406489,
  "lateral_drift": 0.47432026034221053,
  "final_position_error": 0.475130263607964,
  "duration": 42.135195899999985,
  "sample_count": 1263,
  "max_dvl_forward_velocity": 0.374064177274704,
  "mean_dvl_forward_velocity": 0.2373632766669196
}
