{
  "target_distance_m": 5.0,
  "dvl_estimated_distance_m": 5.007570495292241,
  "pose_forward_displacement_m": 4.992758750915527,
  "pose_ground_truth_displacement_m": 5.2308419236343235,
  "longitudinal_error_m": -0.007241249084472656,
  "absolute_longitudinal_error_m": 0.007241249084472656,
  "signed_error_m": 0.014811744376713953,
  "absolute_distance_error_m": 0.014811744376713953,
  "percentage_error": 0.29666453188826536,
  "lateral_drift_m": 1.5601497637107968,
  "final_position_error_m": 1.5601665683173571,
  "duration_s": 12.870192099999997,
  "num_samples": 387,
  "stop_reason": "target_reached",
  "target_reached": true,
  "forward_command": 2.0,
  "forward_command_vector": [
    0.0,
    0.0,
    0.0,
    0.0,
    2.0,
    2.0,
    2.0,
    2.0
  ],
  "old_forward_command_default": 12.0,
  "new_forward_command_default": 2.0,
  "dvl_forward_index": 0,
  "dvl_forward_sign": 1.0,
  "warmup_ticks": 10,
  "elapsed_wall_clock_time_s": 12.870280500000007,
  "time_source": "wall_clock",
  "dt_source": "wall_clock",
  "mean_dt": 0.03334246658031087,
  "std_dt": 0.0001345675722429488,
  "dt_fallback_count": 0,
  "speed_warning_threshold_mps": 1.0,
  "max_dvl_speed_warning_threshold_mps": 1.5,
  "mean_dvl_forward_velocity_mps": 0.3881996363384567,
  "max_dvl_forward_velocity_mps": 0.5238685011863708,
  "average_dvl_speed_mps": 0.38908280905086434,
  "average_pose_speed_mps": 0.4064307574425657,
  "mean_speed_mps": 0.4064307574425657,
  "initial_pose": {
    "x": 0.0,
    "y": 0.008119369857013226,
    "z": -4.0
  },
  "final_pose": {
    "x": 4.992758750915527,
    "y": 1.56826913356781,
    "z": -4.0
  },
  "distance_validation_warnings": [],
  "diagnostic_distance_check": false,
  "experiment_label": "Step 2 current-distance grid",
  "current_x": 0.0,
  "current_y": 1.0,
  "current_z": 0.0,
  "current_magnitude": 1.0,
  "current_api_method": "env.set_ocean_currents(agent_name, velocity)",
  "current_application_mode": "every_step",
  "current_application_calls": 397,
  "final_lateral_offset": 1.5601497637107968,
  "summary_title": "Step 2 current-distance grid run summary",
  "output_dir": "C:\\Users\\andrea.bedei3\\Desktop\\HoloMotion\\results\\step_02_current_distance_grid\\20260514_101153\\target_5m_current_x_0_y_1_z_0_rep_02",
  "dvl_pose_sanity_check": {
    "dvl_estimated_distance_m": 5.007570495292241,
    "pose_forward_displacement_m": 4.992758750915527,
    "lateral_drift_m": 1.5601497637107968,
    "lateral_drift_ratio": 0.3124825054734941,
    "opposite_signs": false,
    "warning": ""
  },
  "current_warning": "",
  "target_distance": 5.0,
  "dvl_estimated_distance": 5.007570495292241,
  "pose_forward_displacement": 4.992758750915527,
  "pose_euclidean_displacement": 5.2308419236343235,
  "longitudinal_error": -0.007241249084472656,
  "absolute_longitudinal_error": 0.007241249084472656,
  "absolute_error": 0.014811744376713953,
  "lateral_drift": 1.5601497637107968,
  "final_position_error": 1.5601665683173571,
  "duration": 12.870192099999997,
  "sample_count": 387,
  "average_pose_speed": 0.4064307574425657,
  "max_dvl_forward_velocity": 0.5238685011863708,
  "mean_dvl_forward_velocity": 0.3881996363384567
}
