{
  "target_distance_m": 1.0,
  "dvl_estimated_distance_m": 1.0089861201415509,
  "pose_forward_displacement_m": 0.9853657484054565,
  "pose_ground_truth_displacement_m": 1.000941072207268,
  "longitudinal_error_m": -0.014634251594543457,
  "absolute_longitudinal_error_m": 0.014634251594543457,
  "signed_error_m": 0.023620371736094325,
  "absolute_distance_error_m": 0.023620371736094325,
  "percentage_error": 2.397117189664589,
  "lateral_drift_m": 0.17589022684842348,
  "final_position_error_m": 0.17649796945155563,
  "duration_s": 4.5012889000000005,
  "num_samples": 136,
  "stop_reason": "target_reached",
  "target_reached": true,
  "current_x": 0.0,
  "current_y": 1.0,
  "current_z": 0.0,
  "current_magnitude": 1.0,
  "current_application_mode": "every_step",
  "current_application_calls": 146,
  "desired_forward_velocity": 0.3,
  "desired_lateral_velocity": 0.0,
  "kp_forward": 20.0,
  "kp_lateral": 12.0,
  "max_forward_command": 2.0,
  "max_lateral_command": 2.0,
  "dvl_forward_index": 0,
  "dvl_forward_sign": 1.0,
  "dvl_lateral_index": 1,
  "dvl_lateral_sign": 1.0,
  "elapsed_wall_clock_time_s": 4.5013928,
  "time_source": "wall_clock",
  "dt_source": "wall_clock",
  "mean_dt": 0.033342880740740745,
  "std_dt": 0.00013076542327925174,
  "dt_fallback_count": 0,
  "initial_pose": {
    "x": 0.0,
    "y": 0.008119369857013226,
    "z": -4.0
  },
  "final_pose": {
    "x": 0.9853657484054565,
    "y": 0.1840095967054367,
    "z": -4.0
  },
  "average_dvl_speed_mps": 0.22415493485467036,
  "average_pose_speed": 0.22236765834054062,
  "average_pose_speed_mps": 0.22236765834054062,
  "mean_dvl_forward_velocity_mps": 0.22234751352602067,
  "max_dvl_forward_velocity_mps": 0.33235636353492737,
  "controller_type": "DVLVelocityTrackingController",
  "output_dir": "C:\\Users\\andrea.bedei3\\Desktop\\HoloMotion\\results\\step_02b_dvl_velocity_compensation\\20260514_110423",
  "distance_validation_warnings": [],
  "dvl_pose_sanity_check": {
    "dvl_estimated_distance_m": 1.0089861201415509,
    "pose_forward_displacement_m": 0.9853657484054565,
    "lateral_drift_m": 0.17589022684842348,
    "lateral_drift_ratio": 0.178502477007196,
    "opposite_signs": false,
    "warning": ""
  },
  "mean_forward_velocity_error": 0.07765248647397932,
  "std_forward_velocity_error": 0.06082917080237476,
  "mean_lateral_velocity_error": -0.03638251616297673,
  "std_lateral_velocity_error": 0.03803655457653424,
  "mean_abs_lateral_velocity_error": 0.042885398493929056,
  "max_abs_lateral_velocity_error": 0.1374436616897583,
  "mean_command_effort": 2.8782284316461855,
  "max_command_effort": 5.184696504124876,
  "target_distance": 1.0,
  "dvl_estimated_distance": 1.0089861201415509,
  "pose_forward_displacement": 0.9853657484054565,
  "pose_euclidean_displacement": 1.000941072207268,
  "longitudinal_error": -0.014634251594543457,
  "absolute_longitudinal_error": 0.014634251594543457,
  "absolute_error": 0.023620371736094325,
  "lateral_drift": 0.17589022684842348,
  "final_position_error": 0.17649796945155563,
  "duration": 4.5012889000000005,
  "sample_count": 136,
  "max_dvl_forward_velocity": 0.33235636353492737,
  "mean_dvl_forward_velocity": 0.22234751352602067
}
