{
  "target_distance_m": 5.0,
  "dvl_estimated_distance_m": 5.001933489735722,
  "pose_forward_displacement_m": 4.990063190460205,
  "pose_ground_truth_displacement_m": 5.073198117767241,
  "longitudinal_error_m": -0.009936809539794922,
  "absolute_longitudinal_error_m": 0.009936809539794922,
  "signed_error_m": 0.011870299275517304,
  "absolute_distance_error_m": 0.011870299275517304,
  "percentage_error": 0.23787873665027826,
  "lateral_drift_m": 0.9146630512550473,
  "final_position_error_m": 0.9147170259238775,
  "duration_s": 21.7402989,
  "num_samples": 653,
  "stop_reason": "target_reached",
  "target_reached": true,
  "current_x": 0.0,
  "current_y": 1.0,
  "current_z": 0.0,
  "current_magnitude": 1.0,
  "current_application_mode": "every_step",
  "current_application_calls": 663,
  "desired_forward_velocity": 0.3,
  "desired_lateral_velocity": 0.0,
  "kp_forward": 20.0,
  "kp_lateral": 12.0,
  "max_forward_command": 2.0,
  "max_lateral_command": 2.0,
  "max_thruster_command": 2.0,
  "final_clipping_applied": true,
  "dvl_forward_index": 0,
  "dvl_forward_sign": 1.0,
  "dvl_lateral_index": 1,
  "dvl_lateral_sign": 1.0,
  "elapsed_wall_clock_time_s": 21.740459799999996,
  "time_source": "wall_clock",
  "dt_source": "wall_clock",
  "mean_dt": 0.03334401671779141,
  "std_dt": 0.00010788973699794787,
  "dt_fallback_count": 0,
  "initial_pose": {
    "x": 0.0,
    "y": 0.008119369857013226,
    "z": -4.0
  },
  "final_pose": {
    "x": 4.990063190460205,
    "y": 0.9227824211120605,
    "z": -4.0
  },
  "average_dvl_speed_mps": 0.23007657405003398,
  "average_pose_speed": 0.23335457074912808,
  "average_pose_speed_mps": 0.23335457074912808,
  "mean_dvl_forward_velocity_mps": 0.2297352003718043,
  "max_dvl_forward_velocity_mps": 0.3622162342071533,
  "controller_type": "DVLVelocityTrackingController",
  "output_dir": "C:\\Users\\andrea.bedei3\\Desktop\\HoloMotion\\results\\step_02b_compensation_comparison\\20260514_114031\\target_5m_current_y_1_rep_01_dvl_velocity_compensation",
  "distance_validation_warnings": [],
  "dvl_pose_sanity_check": {
    "dvl_estimated_distance_m": 5.001933489735722,
    "pose_forward_displacement_m": 4.990063190460205,
    "lateral_drift_m": 0.9146630512550473,
    "lateral_drift_ratio": 0.18329688750308054,
    "opposite_signs": false,
    "warning": ""
  },
  "velocity_tracking_metric_sample_count": 652,
  "mean_forward_velocity_error": 0.06993305247528421,
  "std_forward_velocity_error": 0.04388723941936605,
  "mean_lateral_velocity_error": -0.04453544420331696,
  "std_lateral_velocity_error": 0.03795482665366148,
  "mean_abs_lateral_velocity_error": 0.04984236050126424,
  "max_abs_lateral_velocity_error": 0.15539945662021637,
  "mean_command_effort": 2.679727708032629,
  "max_command_effort": 3.9966392247155658,
  "target_distance": 5.0,
  "dvl_estimated_distance": 5.001933489735722,
  "pose_forward_displacement": 4.990063190460205,
  "pose_euclidean_displacement": 5.073198117767241,
  "longitudinal_error": -0.009936809539794922,
  "absolute_longitudinal_error": 0.009936809539794922,
  "absolute_error": 0.011870299275517304,
  "lateral_drift": 0.9146630512550473,
  "final_position_error": 0.9147170259238775,
  "duration": 21.7402989,
  "sample_count": 653,
  "max_dvl_forward_velocity": 0.3622162342071533,
  "mean_dvl_forward_velocity": 0.2297352003718043
}
