{
  "controller_name": "dvl_p_altitude_hold",
  "target_distance": 5.0,
  "desired_altitude": 1.5,
  "current_y": 1.0,
  "repetition": 1,
  "target_reached": true,
  "timeout": false,
  "collision": false,
  "unsafe_altitude": false,
  "invalid_ping_failure": false,
  "runtime_seconds": 21.805768,
  "elapsed_wall_clock_time_s": 27.350804299999993,
  "final_forward_progress": 5.035271644592285,
  "final_forward_error": -0.035271644592285156,
  "final_lateral_drift": 0.9451590524986386,
  "mean_altitude_error": 0.1873854529766636,
  "mean_abs_altitude_error": 0.20162106961694382,
  "rmse_altitude_error": 0.21350903039136515,
  "max_abs_altitude_error": 0.26728618144989014,
  "final_altitude_error": 0.21947157382965088,
  "min_altitude": 1.2327138185501099,
  "max_altitude": 1.6347780227661133,
  "time_inside_altitude_band_percent": 29.312977099236644,
  "time_below_safe_altitude_percent": 0.0,
  "vertical_command_mean_abs": 0.12103396566635972,
  "vertical_command_max_abs": 0.16037170886993407,
  "vertical_saturation_percent": 0.0,
  "notes": "",
  "stop_reason": "target_reached",
  "output_dir": "C:\\Users\\andrea.bedei3\\Desktop\\HoloMotion\\results\\step_03_altitude_hold\\20260515_135217\\target_5m_alt_1p5m_current_y_1_rep_01",
  "sample_count": 655,
  "altitude_tolerance": 0.2,
  "min_safe_altitude": 0.5,
  "kp_altitude": 0.6,
  "max_vertical_command": 0.8,
  "current_application_calls": 665,
  "mean_dt": 0.03334215290519878,
  "std_dt": 0.00010154907785624459
}
