{
  "target_distance_m": 20.0,
  "dvl_estimated_distance_m": 20.00025255984339,
  "pose_forward_displacement_m": 19.894437789916992,
  "pose_ground_truth_displacement_m": 19.90972766047681,
  "longitudinal_error_m": -0.10556221008300781,
  "absolute_longitudinal_error_m": 0.10556221008300781,
  "signed_error_m": 0.10581476992639693,
  "absolute_distance_error_m": 0.10581476992639693,
  "percentage_error": 0.531881177260644,
  "lateral_drift_m": 0.7801285390742123,
  "final_position_error_m": 0.7872381581679548,
  "duration_s": 45.87942369999996,
  "num_samples": 1377,
  "stop_reason": "target_reached",
  "target_reached": true,
  "forward_command": 2.0,
  "forward_command_vector": [
    0.0,
    0.0,
    0.0,
    0.0,
    2.0,
    2.0,
    2.0,
    2.0
  ],
  "old_forward_command_default": 12.0,
  "new_forward_command_default": 2.0,
  "dvl_forward_index": 0,
  "dvl_forward_sign": 1.0,
  "warmup_ticks": 10,
  "elapsed_wall_clock_time_s": 45.879458500000055,
  "time_source": "wall_clock",
  "dt_source": "wall_clock",
  "mean_dt": 0.03334260443313951,
  "std_dt": 9.630066924640234e-05,
  "dt_fallback_count": 0,
  "speed_warning_threshold_mps": 1.0,
  "max_dvl_speed_warning_threshold_mps": 1.5,
  "mean_dvl_forward_velocity_mps": 0.4355779807194905,
  "max_dvl_forward_velocity_mps": 0.5523794889450073,
  "average_dvl_speed_mps": 0.4359307712891652,
  "average_pose_speed_mps": 0.43395766674542663,
  "mean_speed_mps": 0.43395766674542663,
  "initial_pose": {
    "x": 0.0,
    "y": 0.0005184407345950603,
    "z": -4.0
  },
  "final_pose": {
    "x": 19.894437789916992,
    "y": 0.7806469798088074,
    "z": -4.0
  },
  "distance_validation_warnings": [],
  "diagnostic_distance_check": false,
  "experiment_label": "Step 2 current-distance grid",
  "current_x": 0.0,
  "current_y": 0.25,
  "current_z": 0.0,
  "current_magnitude": 0.25,
  "current_api_method": "env.set_ocean_currents(agent_name, velocity)",
  "current_application_mode": "every_step",
  "current_application_calls": 1387,
  "final_lateral_offset": 0.7801285390742123,
  "summary_title": "Step 2 current-distance grid run summary",
  "output_dir": "C:\\Users\\andrea.bedei3\\Desktop\\HoloMotion\\results\\step_02_current_distance_grid\\20260514_101153\\target_20m_current_x_0_y_0p25_z_0_rep_01",
  "dvl_pose_sanity_check": {
    "dvl_estimated_distance_m": 20.00025255984339,
    "pose_forward_displacement_m": 19.894437789916992,
    "lateral_drift_m": 0.7801285390742123,
    "lateral_drift_ratio": 0.03921339961009611,
    "opposite_signs": false,
    "warning": ""
  },
  "current_warning": "",
  "target_distance": 20.0,
  "dvl_estimated_distance": 20.00025255984339,
  "pose_forward_displacement": 19.894437789916992,
  "pose_euclidean_displacement": 19.90972766047681,
  "longitudinal_error": -0.10556221008300781,
  "absolute_longitudinal_error": 0.10556221008300781,
  "absolute_error": 0.10581476992639693,
  "lateral_drift": 0.7801285390742123,
  "final_position_error": 0.7872381581679548,
  "duration": 45.87942369999996,
  "sample_count": 1377,
  "average_pose_speed": 0.43395766674542663,
  "max_dvl_forward_velocity": 0.5523794889450073,
  "mean_dvl_forward_velocity": 0.4355779807194905
}
