{
  "controller_name": "dvl_p_altitude_hold",
  "target_distance": 5.0,
  "desired_altitude": 1.5,
  "current_y": 0.0,
  "repetition": 0,
  "target_reached": true,
  "timeout": false,
  "collision": false,
  "unsafe_altitude": false,
  "invalid_ping_failure": false,
  "runtime_seconds": 20.972570700000002,
  "elapsed_wall_clock_time_s": 26.4842694,
  "final_forward_progress": 4.998342990875244,
  "final_forward_error": 0.0016570091247558594,
  "final_lateral_drift": 0.008488187566399574,
  "mean_altitude_error": 0.48523439310845873,
  "mean_abs_altitude_error": 0.48523439310845873,
  "rmse_altitude_error": 0.5270387154029403,
  "max_abs_altitude_error": 0.7083117961883545,
  "final_altitude_error": 0.7043746113777161,
  "min_altitude": 0.7916882038116455,
  "max_altitude": 1.499900460243225,
  "time_inside_altitude_band_percent": 12.222222222222221,
  "time_below_safe_altitude_percent": 0.0,
  "vertical_command_mean_abs": 0.2916034036107207,
  "vertical_command_max_abs": 0.4249870777130127,
  "vertical_saturation_percent": 0.0,
  "notes": "",
  "stop_reason": "target_reached",
  "output_dir": "C:\\Users\\andrea.bedei3\\Desktop\\HoloMotion\\results\\step_03_altitude_hold\\20260515_134048",
  "sample_count": 630,
  "altitude_tolerance": 0.2,
  "min_safe_altitude": 0.5,
  "kp_altitude": 0.6,
  "max_vertical_command": 0.8,
  "current_application_calls": 0,
  "mean_dt": 0.03334271971383147,
  "std_dt": 7.45731068147703e-05
}
