{
  "output_dir": "results\\step_02b_compensation_comparison\\20260514_114031",
  "target_distances": [
    5.0,
    10.0,
    20.0
  ],
  "current_y_values": [
    0.5,
    1.0,
    2.0
  ],
  "repetitions": 3,
  "expected_mode_runs": 54,
  "completed_mode_runs": 54,
  "complete": true,
  "desired_forward_velocity": 0.3,
  "desired_lateral_velocity": 0.0,
  "modes": [
    "no_compensation",
    "dvl_velocity_compensation"
  ],
  "groups": [
    {
      "target_distance": 5.0,
      "current_y": 0.5,
      "number_of_pairs": 3,
      "no_compensation_mean_lateral_drift": 0.49690180784091353,
      "compensation_mean_lateral_drift": 0.22930676505590478,
      "lateral_drift_reduction_percentage": 53.85270058640663,
      "no_compensation_mean_final_position_error": 0.49695990503687043,
      "compensation_mean_final_position_error": 0.23179497933694745,
      "final_position_error_reduction_percentage": 53.35740831652202,
      "no_compensation_mean_duration": 12.392402166666663,
      "compensation_mean_duration": 21.17490343333333,
      "duration_difference_s": 8.782501266666667,
      "no_compensation_mean_absolute_error": 0.0071347508552615695,
      "compensation_mean_absolute_error": 0.024617422289996565,
      "absolute_error_difference_m": 0.017482671434734996,
      "compensation_mean_abs_lateral_velocity_error": 0.031360710440707866
    },
    {
      "target_distance": 5.0,
      "current_y": 1.0,
      "number_of_pairs": 3,
      "no_compensation_mean_lateral_drift": 1.567218397744,
      "compensation_mean_lateral_drift": 0.9355267233525714,
      "lateral_drift_reduction_percentage": 40.30655046550911,
      "no_compensation_mean_final_position_error": 1.567311681424439,
      "compensation_mean_final_position_error": 0.936408085855074,
      "final_position_error_reduction_percentage": 40.253869287567184,
      "no_compensation_mean_duration": 12.926033733333336,
      "compensation_mean_duration": 21.672935766666672,
      "duration_difference_s": 8.746902033333336,
      "no_compensation_mean_absolute_error": 0.010106605821609568,
      "compensation_mean_absolute_error": 0.03536052017088783,
      "absolute_error_difference_m": 0.02525391434927826,
      "compensation_mean_abs_lateral_velocity_error": 0.047936865137581684
    },
    {
      "target_distance": 5.0,
      "current_y": 2.0,
      "number_of_pairs": 3,
      "no_compensation_mean_lateral_drift": 5.372094328204791,
      "compensation_mean_lateral_drift": 6.5174905608097715,
      "lateral_drift_reduction_percentage": -21.321223393107115,
      "no_compensation_mean_final_position_error": 5.37212426587485,
      "compensation_mean_final_position_error": 6.517608840918345,
      "final_position_error_reduction_percentage": -21.322749034677315,
      "no_compensation_mean_duration": 13.904227066666673,
      "compensation_mean_duration": 28.947523233333317,
      "duration_difference_s": 15.043296166666645,
      "no_compensation_mean_absolute_error": 0.020498322158616133,
      "compensation_mean_absolute_error": 0.03211671371225459,
      "absolute_error_difference_m": 0.011618391553638453,
      "compensation_mean_abs_lateral_velocity_error": 0.22645928218767453
    },
    {
      "target_distance": 10.0,
      "current_y": 0.5,
      "number_of_pairs": 3,
      "no_compensation_mean_lateral_drift": 0.9969752705655992,
      "compensation_mean_lateral_drift": 0.48989388113841414,
      "lateral_drift_reduction_percentage": 50.86198267881911,
      "no_compensation_mean_final_position_error": 0.997090688766442,
      "compensation_mean_final_position_error": 0.49105686827739503,
      "final_position_error_reduction_percentage": 50.75103259815718,
      "no_compensation_mean_duration": 23.918750000000028,
      "compensation_mean_duration": 42.03315603333334,
      "duration_difference_s": 18.114406033333314,
      "no_compensation_mean_absolute_error": 0.014254429780175807,
      "compensation_mean_absolute_error": 0.029074268408432264,
      "absolute_error_difference_m": 0.014819838628256457,
      "compensation_mean_abs_lateral_velocity_error": 0.031225025981550386
    },
    {
      "target_distance": 10.0,
      "current_y": 1.0,
      "number_of_pairs": 3,
      "no_compensation_mean_lateral_drift": 3.1039295739804706,
      "compensation_mean_lateral_drift": 1.871523196188112,
      "lateral_drift_reduction_percentage": 39.70471456966481,
      "no_compensation_mean_final_position_error": 3.104138779819298,
      "compensation_mean_final_position_error": 1.872356788117625,
      "final_position_error_reduction_percentage": 39.68192400770751,
      "no_compensation_mean_duration": 25.007450733333297,
      "compensation_mean_duration": 42.990753100000006,
      "duration_difference_s": 17.98330236666671,
      "no_compensation_mean_absolute_error": 0.024281634243650412,
      "compensation_mean_absolute_error": 0.05419991199332408,
      "absolute_error_difference_m": 0.029918277749673667,
      "compensation_mean_abs_lateral_velocity_error": 0.047144778313918397
    },
    {
      "target_distance": 10.0,
      "current_y": 2.0,
      "number_of_pairs": 3,
      "no_compensation_mean_lateral_drift": 10.629539345701536,
      "compensation_mean_lateral_drift": 12.874353900551796,
      "lateral_drift_reduction_percentage": -21.118643826818676,
      "no_compensation_mean_final_position_error": 10.629673733698661,
      "compensation_mean_final_position_error": 12.874396904342413,
      "final_position_error_reduction_percentage": -21.117517121221052,
      "no_compensation_mean_duration": 27.119396966666688,
      "compensation_mean_duration": 57.051310666666645,
      "duration_difference_s": 29.931913699999956,
      "no_compensation_mean_absolute_error": 0.0373016660418782,
      "compensation_mean_absolute_error": 0.03205038643679181,
      "absolute_error_difference_m": -0.005251279605086388,
      "compensation_mean_abs_lateral_velocity_error": 0.22544701086400865
    },
    {
      "target_distance": 20.0,
      "current_y": 0.5,
      "number_of_pairs": 3,
      "no_compensation_mean_lateral_drift": 1.9980868574542303,
      "compensation_mean_lateral_drift": 0.7200531240863105,
      "lateral_drift_reduction_percentage": 63.962871714008834,
      "no_compensation_mean_final_position_error": 1.9985772833539348,
      "compensation_mean_final_position_error": 5.714502439300784,
      "final_position_error_reduction_percentage": -185.92851959724706,
      "no_compensation_mean_duration": 46.991664766666645,
      "compensation_mean_duration": 60.01775906666671,
      "duration_difference_s": 13.026094300000068,
      "no_compensation_mean_absolute_error": 0.03232442585375139,
      "compensation_mean_absolute_error": 0.038451673769581994,
      "absolute_error_difference_m": 0.006127247915830601,
      "compensation_mean_abs_lateral_velocity_error": 0.03147117469548381
    },
    {
      "target_distance": 20.0,
      "current_y": 1.0,
      "number_of_pairs": 3,
      "no_compensation_mean_lateral_drift": 6.1674562043820815,
      "compensation_mean_lateral_drift": 2.5883149849250913,
      "lateral_drift_reduction_percentage": 58.03269777439117,
      "no_compensation_mean_final_position_error": 6.1674936652867345,
      "compensation_mean_final_position_error": 6.570730104388818,
      "final_position_error_reduction_percentage": -6.538092472987345,
      "no_compensation_mean_duration": 49.09331700000004,
      "compensation_mean_duration": 60.01451729999999,
      "duration_difference_s": 10.921200299999946,
      "no_compensation_mean_absolute_error": 0.014092491758778655,
      "compensation_mean_absolute_error": 0.033392563518593356,
      "absolute_error_difference_m": 0.0193000717598147,
      "compensation_mean_abs_lateral_velocity_error": 0.04725445846040823
    },
    {
      "target_distance": 20.0,
      "current_y": 2.0,
      "number_of_pairs": 3,
      "no_compensation_mean_lateral_drift": 21.069259499510128,