{
  "target_distance_m": 5.0,
  "dvl_estimated_distance_m": 5.002730612753951,
  "pose_forward_displacement_m": 5.016399383544922,
  "pose_ground_truth_displacement_m": 5.097709760817789,
  "longitudinal_error_m": 0.016399383544921875,
  "absolute_longitudinal_error_m": 0.016399383544921875,
  "signed_error_m": -0.013668770790970619,
  "absolute_distance_error_m": 0.013668770790970619,
  "percentage_error": 0.27248170940710376,
  "lateral_drift_m": 0.9068528162315488,
  "final_position_error_m": 0.9070010860455155,
  "duration_s": 15.671626800000013,
  "num_samples": 471,
  "stop_reason": "target_reached",
  "target_reached": true,
  "current_x": 0.0,
  "current_y": 1.0,
  "current_z": 0.0,
  "current_magnitude": 1.0,
  "current_application_mode": "every_step",
  "current_application_calls": 481,
  "desired_forward_velocity": 0.5,
  "desired_lateral_velocity": 0.0,
  "kp_forward": 20.0,
  "kp_lateral": 12.0,
  "max_forward_command": 2.0,
  "max_lateral_command": 2.0,
  "max_thruster_command": 2.0,
  "final_clipping_applied": true,
  "dvl_forward_index": 0,
  "dvl_forward_sign": 1.0,
  "dvl_lateral_index": 1,
  "dvl_lateral_sign": 1.0,
  "elapsed_wall_clock_time_s": 15.671730199999985,
  "time_source": "wall_clock",
  "dt_source": "wall_clock",
  "mean_dt": 0.033343886808510664,
  "std_dt": 9.612065753385986e-05,
  "dt_fallback_count": 0,
  "initial_pose": {
    "x": 0.0,
    "y": 0.008119369857013226,
    "z": -4.0
  },
  "final_pose": {
    "x": 5.016399383544922,
    "y": 0.914972186088562,
    "z": -4.0
  },
  "average_dvl_speed_mps": 0.3192221635059576,
  "average_pose_speed": 0.32528274351312303,
  "average_pose_speed_mps": 0.32528274351312303,
  "mean_dvl_forward_velocity_mps": 0.31859797664825074,
  "max_dvl_forward_velocity_mps": 0.4565407633781433,
  "controller_type": "DVLVelocityTrackingController",
  "output_dir": "C:\\Users\\andrea.bedei3\\Desktop\\HoloMotion\\results\\step_02b_compensation_comparison\\20260515_103529\\target_5m_current_y_1_rep_03_dvl_velocity_compensation",
  "distance_validation_warnings": [],
  "dvl_pose_sanity_check": {
    "dvl_estimated_distance_m": 5.002730612753951,
    "pose_forward_displacement_m": 5.016399383544922,
    "lateral_drift_m": 0.9068528162315488,
    "lateral_drift_ratio": 0.1807776348921218,
    "opposite_signs": false,
    "warning": ""
  },
  "velocity_tracking_metric_sample_count": 470,
  "mean_forward_velocity_error": 0.18077318600200593,
  "std_forward_velocity_error": 0.06519185391812443,
  "mean_lateral_velocity_error": -0.057206248617714006,
  "std_lateral_velocity_error": 0.03771016500132409,
  "mean_abs_lateral_velocity_error": 0.059269132275755726,
  "max_abs_lateral_velocity_error": 0.2107635736465454,
  "mean_command_effort": 3.390103319028941,
  "max_command_effort": 3.99943267135759,
  "target_distance": 5.0,
  "dvl_estimated_distance": 5.002730612753951,
  "pose_forward_displacement": 5.016399383544922,
  "pose_euclidean_displacement": 5.097709760817789,
  "longitudinal_error": 0.016399383544921875,
  "absolute_longitudinal_error": 0.016399383544921875,
  "absolute_error": 0.013668770790970619,
  "lateral_drift": 0.9068528162315488,
  "final_position_error": 0.9070010860455155,
  "duration": 15.671626800000013,
  "sample_count": 471,
  "max_dvl_forward_velocity": 0.4565407633781433,
  "mean_dvl_forward_velocity": 0.31859797664825074
}
