{
  "target_distance_m": 10.0,
  "dvl_estimated_distance_m": 10.000881464400733,
  "pose_forward_displacement_m": 9.988819122314453,
  "pose_ground_truth_displacement_m": 10.000227105432538,
  "longitudinal_error_m": -0.011180877685546875,
  "absolute_longitudinal_error_m": 0.011180877685546875,
  "signed_error_m": 0.012062342086279543,
  "absolute_distance_error_m": 0.012062342086279543,
  "percentage_error": 0.12075843939683478,
  "lateral_drift_m": 0.477529791649431,
  "final_position_error_m": 0.4776606681929842,
  "duration_s": 27.41012539999997,
  "num_samples": 823,
  "stop_reason": "target_reached",
  "target_reached": true,
  "current_x": 0.0,
  "current_y": 0.5,
  "current_z": 0.0,
  "current_magnitude": 0.5,
  "current_application_mode": "every_step",
  "current_application_calls": 833,
  "desired_forward_velocity": 0.5,
  "desired_lateral_velocity": 0.0,
  "kp_forward": 20.0,
  "kp_lateral": 12.0,
  "max_forward_command": 2.0,
  "max_lateral_command": 2.0,
  "max_thruster_command": 2.0,
  "final_clipping_applied": true,
  "dvl_forward_index": 0,
  "dvl_forward_sign": 1.0,
  "dvl_lateral_index": 1,
  "dvl_lateral_sign": 1.0,
  "elapsed_wall_clock_time_s": 27.410263800000052,
  "time_source": "wall_clock",
  "dt_source": "wall_clock",
  "mean_dt": 0.03334565133819948,
  "std_dt": 0.00011295602913478744,
  "dt_fallback_count": 0,
  "initial_pose": {
    "x": 0.0,
    "y": 0.002058895770460367,
    "z": -4.0
  },
  "final_pose": {
    "x": 9.988819122314453,
    "y": 0.47958868741989136,
    "z": -4.0
  },
  "average_dvl_speed_mps": 0.36486084315399536,
  "average_pose_speed": 0.3648369702618197,
  "average_pose_speed_mps": 0.3648369702618197,
  "mean_dvl_forward_velocity_mps": 0.3645212249377717,
  "max_dvl_forward_velocity_mps": 0.46790292859077454,
  "controller_type": "DVLVelocityTrackingController",
  "output_dir": "C:\\Users\\andrea.bedei3\\Desktop\\HoloMotion\\results\\step_02b_compensation_comparison\\20260515_103529\\target_10m_current_y_0p5_rep_03_dvl_velocity_compensation",
  "distance_validation_warnings": [],
  "dvl_pose_sanity_check": {
    "dvl_estimated_distance_m": 10.000881464400733,
    "pose_forward_displacement_m": 9.988819122314453,
    "lateral_drift_m": 0.477529791649431,
    "lateral_drift_ratio": 0.04780643095064727,
    "opposite_signs": false,
    "warning": ""
  },
  "velocity_tracking_metric_sample_count": 822,
  "mean_forward_velocity_error": 0.13514078579448763,
  "std_forward_velocity_error": 0.05805889962098512,
  "mean_lateral_velocity_error": -0.017072383262470164,
  "std_lateral_velocity_error": 0.03810146128116704,
  "mean_abs_lateral_velocity_error": 0.03282417282259686,
  "max_abs_lateral_velocity_error": 0.14609022438526154,
  "mean_command_effort": 3.5129124303538926,
  "max_command_effort": 3.9997725502535024,
  "target_distance": 10.0,
  "dvl_estimated_distance": 10.000881464400733,
  "pose_forward_displacement": 9.988819122314453,
  "pose_euclidean_displacement": 10.000227105432538,
  "longitudinal_error": -0.011180877685546875,
  "absolute_longitudinal_error": 0.011180877685546875,
  "absolute_error": 0.012062342086279543,
  "lateral_drift": 0.477529791649431,
  "final_position_error": 0.4776606681929842,
  "duration": 27.41012539999997,
  "sample_count": 823,
  "max_dvl_forward_velocity": 0.46790292859077454,
  "mean_dvl_forward_velocity": 0.3645212249377717
}
