{
  "target_distance_m": 20.0,
  "dvl_estimated_distance_m": 20.010982015981316,
  "pose_forward_displacement_m": 19.980300903320312,
  "pose_ground_truth_displacement_m": 19.999985338697556,
  "longitudinal_error_m": -0.0196990966796875,
  "absolute_longitudinal_error_m": 0.0196990966796875,
  "signed_error_m": 0.030681112661003596,
  "absolute_distance_error_m": 0.030681112661003596,
  "percentage_error": 0.15355680982714845,
  "lateral_drift_m": 0.8871242082677782,
  "final_position_error_m": 0.8873428961256905,
  "duration_s": 54.08302410000033,
  "num_samples": 1623,
  "stop_reason": "target_reached",
  "target_reached": true,
  "current_x": 0.0,
  "current_y": 0.5,
  "current_z": 0.0,
  "current_magnitude": 0.5,
  "current_application_mode": "every_step",
  "current_application_calls": 1633,
  "desired_forward_velocity": 0.5,
  "desired_lateral_velocity": 0.0,
  "kp_forward": 20.0,
  "kp_lateral": 12.0,
  "max_forward_command": 2.0,
  "max_lateral_command": 2.0,
  "max_thruster_command": 2.0,
  "final_clipping_applied": true,
  "dvl_forward_index": 0,
  "dvl_forward_sign": 1.0,
  "dvl_lateral_index": 1,
  "dvl_lateral_sign": 1.0,
  "elapsed_wall_clock_time_s": 54.083129499999814,
  "time_source": "wall_clock",
  "dt_source": "wall_clock",
  "mean_dt": 0.03334341806411858,
  "std_dt": 0.00010596383878699634,
  "dt_fallback_count": 0,
  "initial_pose": {
    "x": 0.0,
    "y": 0.002058895770460367,
    "z": -4.0
  },
  "final_pose": {
    "x": 19.980300903320312,
    "y": 0.8891831040382385,
    "z": -4.0
  },
  "average_dvl_speed_mps": 0.37000486472392347,
  "average_pose_speed": 0.36980153516780573,
  "average_pose_speed_mps": 0.36980153516780573,
  "mean_dvl_forward_velocity_mps": 0.3697649125002315,
  "max_dvl_forward_velocity_mps": 0.5063031911849976,
  "controller_type": "DVLVelocityTrackingController",
  "output_dir": "C:\\Users\\andrea.bedei3\\Desktop\\HoloMotion\\results\\step_02c_pi_compensation_comparison\\20260515_111553\\target_20m_current_y_0p5_rep_02_dvl_velocity_compensation",
  "distance_validation_warnings": [],
  "dvl_pose_sanity_check": {
    "dvl_estimated_distance_m": 20.010982015981316,
    "pose_forward_displacement_m": 19.980300903320312,
    "lateral_drift_m": 0.8871242082677782,
    "lateral_drift_ratio": 0.044399942351236385,
    "opposite_signs": false,
    "warning": ""
  },
  "velocity_tracking_metric_sample_count": 1622,
  "mean_forward_velocity_error": 0.12999326772051928,
  "std_forward_velocity_error": 0.0482630252275918,
  "mean_lateral_velocity_error": -0.017134522152272326,
  "std_lateral_velocity_error": 0.03758540050507726,
  "mean_abs_lateral_velocity_error": 0.03287539257351109,
  "max_abs_lateral_velocity_error": 0.15164217352867126,
  "mean_command_effort": 3.512082993833642,
  "max_command_effort": 3.99958521705646,
  "target_distance": 20.0,
  "dvl_estimated_distance": 20.010982015981316,
  "pose_forward_displacement": 19.980300903320312,
  "pose_euclidean_displacement": 19.999985338697556,
  "longitudinal_error": -0.0196990966796875,
  "absolute_longitudinal_error": 0.0196990966796875,
  "absolute_error": 0.030681112661003596,
  "lateral_drift": 0.8871242082677782,
  "final_position_error": 0.8873428961256905,
  "duration": 54.08302410000033,
  "sample_count": 1623,
  "max_dvl_forward_velocity": 0.5063031911849976,
  "mean_dvl_forward_velocity": 0.3697649125002315
}
