{
  "target_distance_m": 5.0,
  "dvl_estimated_distance_m": 5.002281347206806,
  "pose_forward_displacement_m": 4.993697166442871,
  "pose_ground_truth_displacement_m": 5.0182631697020765,
  "longitudinal_error_m": -0.006302833557128906,
  "absolute_longitudinal_error_m": 0.006302833557128906,
  "signed_error_m": 0.0085841807639353,
  "absolute_distance_error_m": 0.0085841807639353,
  "percentage_error": 0.17190030708349935,
  "lateral_drift_m": 0.49593734508380294,
  "final_position_error_m": 0.4959773946054597,
  "duration_s": 12.370163599999984,
  "num_samples": 372,
  "stop_reason": "target_reached",
  "target_reached": true,
  "forward_command": 2.0,
  "forward_command_vector": [
    0.0,
    0.0,
    0.0,
    0.0,
    2.0,
    2.0,
    2.0,
    2.0
  ],
  "old_forward_command_default": 12.0,
  "new_forward_command_default": 2.0,
  "dvl_forward_index": 0,
  "dvl_forward_sign": 1.0,
  "warmup_ticks": 10,
  "elapsed_wall_clock_time_s": 12.370281599999998,
  "time_source": "wall_clock",
  "dt_source": "wall_clock",
  "mean_dt": 0.03334275902964955,
  "std_dt": 0.00010007550811305366,
  "dt_fallback_count": 0,
  "speed_warning_threshold_mps": 1.0,
  "max_dvl_speed_warning_threshold_mps": 1.5,
  "mean_dvl_forward_velocity_mps": 0.4031836768907685,
  "max_dvl_forward_velocity_mps": 0.5386507511138916,
  "average_dvl_speed_mps": 0.4043827962959854,
  "average_pose_speed_mps": 0.40567476162579474,
  "mean_speed_mps": 0.40567476162579474,
  "initial_pose": {
    "x": 0.0,
    "y": 0.002058895770460367,
    "z": -4.0
  },
  "final_pose": {
    "x": 4.993697166442871,
    "y": 0.4979962408542633,
    "z": -4.0
  },
  "distance_validation_warnings": [],
  "diagnostic_distance_check": false,
  "experiment_label": "Step 2 current-distance grid",
  "current_x": 0.0,
  "current_y": 0.5,
  "current_z": 0.0,
  "current_magnitude": 0.5,
  "current_api_method": "env.set_ocean_currents(agent_name, velocity)",
  "current_application_mode": "every_step",
  "current_application_calls": 382,
  "final_lateral_offset": 0.49593734508380294,
  "summary_title": "Step 2 current-distance grid run summary",
  "output_dir": "C:\\Users\\andrea.bedei3\\Desktop\\HoloMotion\\results\\step_02_current_distance_grid\\20260514_101153\\target_5m_current_x_0_y_0p5_z_0_rep_01",
  "dvl_pose_sanity_check": {
    "dvl_estimated_distance_m": 5.002281347206806,
    "pose_forward_displacement_m": 4.993697166442871,
    "lateral_drift_m": 0.49593734508380294,
    "lateral_drift_ratio": 0.0993126592490331,
    "opposite_signs": false,
    "warning": ""
  },
  "current_warning": "",
  "target_distance": 5.0,
  "dvl_estimated_distance": 5.002281347206806,
  "pose_forward_displacement": 4.993697166442871,
  "pose_euclidean_displacement": 5.0182631697020765,
  "longitudinal_error": -0.006302833557128906,
  "absolute_longitudinal_error": 0.006302833557128906,
  "absolute_error": 0.0085841807639353,
  "lateral_drift": 0.49593734508380294,
  "final_position_error": 0.4959773946054597,
  "duration": 12.370163599999984,
  "sample_count": 372,
  "average_pose_speed": 0.40567476162579474,
  "max_dvl_forward_velocity": 0.5386507511138916,
  "mean_dvl_forward_velocity": 0.4031836768907685
}
