{
  "controller_name": "dvl_p_altitude_hold",
  "target_distance": 20.0,
  "desired_altitude": 3.0,
  "current_y": 0.0,
  "repetition": 1,
  "target_reached": true,
  "timeout": false,
  "collision": false,
  "unsafe_altitude": false,
  "invalid_ping_failure": false,
  "runtime_seconds": 163.2173829,
  "elapsed_wall_clock_time_s": 171.692791,
  "final_forward_progress": 19.9752197265625,
  "final_forward_error": 0.0247802734375,
  "final_lateral_drift": 0.066864013671875,
  "mean_altitude_error": -0.07184741775097411,
  "mean_abs_altitude_error": 0.18376028832364705,
  "rmse_altitude_error": 0.3077756766379239,
  "max_abs_altitude_error": 1.27555513381958,
  "final_altitude_error": -0.13783717155456543,
  "min_altitude": 1.7724610567092896,
  "max_altitude": 4.27555513381958,
  "estimated_seabed_z_min": -313.00877475738525,
  "estimated_seabed_z_max": -310.5654265880585,
  "estimated_seabed_z_range": 2.4433481693267822,
  "estimated_seabed_z_std": 0.5766593992872785,
  "time_inside_altitude_band_percent": 83.19035947712419,
  "time_below_safe_altitude_percent": 0.0,
  "vertical_command_mean_abs": 0.11027067763569164,
  "vertical_command_max_abs": 0.7653330802917481,
  "vertical_saturation_percent": 0.0,
  "notes": "",
  "stop_reason": "target_reached",
  "output_dir": "C:\\Users\\andrea.bedei3\\Desktop\\HoloMotion\\results\\step_03_openwater_holes\\20260515_154236\\openwater_depression_landmark_12",
  "sample_count": 4896,
  "altitude_tolerance": 0.3,
  "min_safe_altitude": 1.0,
  "kp_altitude": 0.6,
  "max_vertical_command": 0.8,
  "current_application_calls": 0,
  "mean_dt": 0.03334369415730337,
  "std_dt": 0.0001162516943525723
}
