{
  "controller_name": "dvl_p_altitude_hold",
  "target_distance": 20.0,
  "desired_altitude": 1.5,
  "current_y": 1.0,
  "repetition": 1,
  "target_reached": true,
  "timeout": false,
  "collision": false,
  "unsafe_altitude": false,
  "invalid_ping_failure": false,
  "runtime_seconds": 85.70732840000005,
  "elapsed_wall_clock_time_s": 91.31921650000004,
  "final_forward_progress": 20.04593475535512,
  "final_forward_error": -0.045934755355119705,
  "final_lateral_drift": 3.6875192867591977,
  "mean_altitude_error": 0.026167190153744378,
  "mean_abs_altitude_error": 0.15314234684803568,
  "rmse_altitude_error": 0.167814561567177,
  "max_abs_altitude_error": 0.26619064807891846,
  "final_altitude_error": 0.23815202713012695,
  "min_altitude": 1.2338093519210815,
  "max_altitude": 1.7139798402786255,
  "time_inside_altitude_band_percent": 70.05056398288603,
  "time_below_safe_altitude_percent": 0.0,
  "vertical_command_mean_abs": 0.09188969549965766,
  "vertical_command_max_abs": 0.15971438884735106,
  "vertical_saturation_percent": 0.0,
  "notes": "",
  "stop_reason": "target_reached",
  "output_dir": "C:\\Users\\andrea.bedei3\\Desktop\\HoloMotion\\results\\step_03_altitude_hold\\20260515_135217\\target_20m_alt_1p5m_current_y_1_rep_01",
  "sample_count": 2571,
  "altitude_tolerance": 0.2,
  "min_safe_altitude": 0.5,
  "kp_altitude": 0.6,
  "max_vertical_command": 0.8,
  "current_application_calls": 2581,
  "mean_dt": 0.033349155019455276,
  "std_dt": 0.00017432523914708218
}
