{
  "controller_name": "dvl_p_altitude_hold",
  "target_distance": 5.0,
  "desired_altitude": 1.5,
  "current_y": 0.0,
  "repetition": 1,
  "target_reached": true,
  "timeout": false,
  "collision": false,
  "unsafe_altitude": false,
  "invalid_ping_failure": false,
  "runtime_seconds": 21.039321700000002,
  "elapsed_wall_clock_time_s": 26.5712099,
  "final_forward_progress": 5.032625198364258,
  "final_forward_error": -0.03262519836425781,
  "final_lateral_drift": 0.01057820487767458,
  "mean_altitude_error": 0.14732319550423684,
  "mean_abs_altitude_error": 0.16485222438468208,
  "rmse_altitude_error": 0.17419477626410068,
  "max_abs_altitude_error": 0.2263122797012329,
  "final_altitude_error": 0.1615086793899536,
  "min_altitude": 1.273687720298767,
  "max_altitude": 1.6367454528808594,
  "time_inside_altitude_band_percent": 69.30379746835443,
  "time_below_safe_altitude_percent": 0.0,
  "vertical_command_mean_abs": 0.0989380605625086,
  "vertical_command_max_abs": 0.13578736782073975,
  "vertical_saturation_percent": 0.0,
  "notes": "",
  "stop_reason": "target_reached",
  "output_dir": "C:\\Users\\andrea.bedei3\\Desktop\\HoloMotion\\results\\step_03_altitude_hold\\20260515_135217\\target_5m_alt_1p5m_current_y_0_rep_01",
  "sample_count": 632,
  "altitude_tolerance": 0.2,
  "min_safe_altitude": 0.5,
  "kp_altitude": 0.6,
  "max_vertical_command": 0.8,
  "current_application_calls": 0,
  "mean_dt": 0.03334282361331221,
  "std_dt": 0.00012671861460378128
}
