{
  "target_distance_m": 20.0,
  "dvl_estimated_distance_m": 14.313290807254639,
  "pose_forward_displacement_m": 14.321159362792969,
  "pose_ground_truth_displacement_m": 14.339081262846724,
  "longitudinal_error_m": -5.678840637207031,
  "absolute_longitudinal_error_m": 5.678840637207031,
  "signed_error_m": -0.007868555538330213,
  "absolute_distance_error_m": 0.007868555538330213,
  "percentage_error": 0.054943565244955535,
  "lateral_drift_m": 0.7166909850202501,
  "final_position_error_m": 5.723886524976125,
  "duration_s": 60.01718210000013,
  "num_samples": 1801,
  "stop_reason": "timeout",
  "target_reached": false,
  "current_x": 0.0,
  "current_y": 0.5,
  "current_z": 0.0,
  "current_magnitude": 0.5,
  "current_application_mode": "every_step",
  "current_application_calls": 1811,
  "desired_forward_velocity": 0.3,
  "desired_lateral_velocity": 0.0,
  "kp_forward": 20.0,
  "kp_lateral": 12.0,
  "max_forward_command": 2.0,
  "max_lateral_command": 2.0,
  "max_thruster_command": 2.0,
  "final_clipping_applied": true,
  "dvl_forward_index": 0,
  "dvl_forward_sign": 1.0,
  "dvl_lateral_index": 1,
  "dvl_lateral_sign": 1.0,
  "elapsed_wall_clock_time_s": 60.01728890000004,
  "time_source": "wall_clock",
  "dt_source": "wall_clock",
  "mean_dt": 0.033342878944444515,
  "std_dt": 0.00010928995962077637,
  "dt_fallback_count": 0,
  "initial_pose": {
    "x": 0.0,
    "y": 0.002058895770460367,
    "z": -4.0
  },
  "final_pose": {
    "x": 14.321159362792969,
    "y": 0.7187498807907104,
    "z": -4.0
  },
  "average_dvl_speed_mps": 0.23848655179121794,
  "average_pose_speed": 0.23891626966016277,
  "average_pose_speed_mps": 0.23891626966016277,
  "mean_dvl_forward_velocity_mps": 0.2383621971736735,
  "max_dvl_forward_velocity_mps": 0.37695497274398804,
  "controller_type": "DVLVelocityTrackingController",
  "output_dir": "C:\\Users\\andrea.bedei3\\Desktop\\HoloMotion\\results\\step_02b_compensation_comparison\\20260514_114031\\target_20m_current_y_0p5_rep_03_dvl_velocity_compensation",
  "distance_validation_warnings": [],
  "dvl_pose_sanity_check": {
    "dvl_estimated_distance_m": 14.313290807254639,
    "pose_forward_displacement_m": 14.321159362792969,
    "lateral_drift_m": 0.7166909850202501,
    "lateral_drift_ratio": 0.050044201510825045,
    "opposite_signs": false,
    "warning": ""
  },
  "velocity_tracking_metric_sample_count": 1800,
  "mean_forward_velocity_error": 0.061512644561007634,
  "std_forward_velocity_error": 0.03951166536277885,
  "mean_lateral_velocity_error": -0.01151601095155911,
  "std_lateral_velocity_error": 0.037852471753252216,
  "mean_abs_lateral_velocity_error": 0.031778585221780606,
  "max_abs_lateral_velocity_error": 0.1385554075241089,
  "mean_command_effort": 2.4501117474431116,
  "max_command_effort": 3.999722101674287,
  "target_distance": 20.0,
  "dvl_estimated_distance": 14.313290807254639,
  "pose_forward_displacement": 14.321159362792969,
  "pose_euclidean_displacement": 14.339081262846724,
  "longitudinal_error": -5.678840637207031,
  "absolute_longitudinal_error": 5.678840637207031,
  "absolute_error": 0.007868555538330213,
  "lateral_drift": 0.7166909850202501,
  "final_position_error": 5.723886524976125,
  "duration": 60.01718210000013,
  "sample_count": 1801,
  "max_dvl_forward_velocity": 0.37695497274398804,
  "mean_dvl_forward_velocity": 0.2383621971736735
}
