{
  "controller_name": "dvl_p_altitude_hold",
  "target_distance": 10.0,
  "desired_altitude": 1.5,
  "current_y": 0.0,
  "repetition": 1,
  "target_reached": true,
  "timeout": false,
  "collision": false,
  "unsafe_altitude": false,
  "invalid_ping_failure": false,
  "runtime_seconds": 41.5129733,
  "elapsed_wall_clock_time_s": 46.98526709999996,
  "final_forward_progress": 9.915714263916016,
  "final_forward_error": 0.08428573608398438,
  "final_lateral_drift": -0.03364986553788185,
  "mean_altitude_error": 0.114774553867634,
  "mean_abs_altitude_error": 0.12421354809312529,
  "rmse_altitude_error": 0.1394480302456123,
  "max_abs_altitude_error": 0.2186518907546997,
  "final_altitude_error": -0.025517702102661133,
  "min_altitude": 1.2813481092453003,
  "max_altitude": 1.6367454528808594,
  "time_inside_altitude_band_percent": 85.87479935794543,
  "time_below_safe_altitude_percent": 0.0,
  "vertical_command_mean_abs": 0.07452208938368832,
  "vertical_command_max_abs": 0.13119113445281982,
  "vertical_saturation_percent": 0.0,
  "notes": "",
  "stop_reason": "target_reached",
  "output_dir": "C:\\Users\\andrea.bedei3\\Desktop\\HoloMotion\\results\\step_03_altitude_hold\\20260515_135217\\target_10m_alt_1p5m_current_y_0_rep_01",
  "sample_count": 1246,
  "altitude_tolerance": 0.2,
  "min_safe_altitude": 0.5,
  "kp_altitude": 0.6,
  "max_vertical_command": 0.8,
  "current_application_calls": 0,
  "mean_dt": 0.033343753654618474,
  "std_dt": 0.00010067871725986576
}
