{
  "target_distance_m": 1.0,
  "dvl_estimated_distance_m": 1.0006259574467553,
  "pose_forward_displacement_m": 1.0233228206634521,
  "pose_ground_truth_displacement_m": 2.763272175601903,
  "longitudinal_error_m": 0.02332282066345215,
  "absolute_longitudinal_error_m": 0.02332282066345215,
  "signed_error_m": -0.02269686321669684,
  "absolute_distance_error_m": 0.02269686321669684,
  "percentage_error": 2.217957301292446,
  "lateral_drift_m": 2.566804145462811,
  "final_position_error_m": 2.5669101026582077,
  "duration_s": 6.3351128,
  "num_samples": 191,
  "stop_reason": "target_reached",
  "target_reached": true,
  "current_x": 0.0,
  "current_y": 1.0,
  "current_z": 0.0,
  "current_magnitude": 1.0,
  "current_application_mode": "every_step",
  "current_application_calls": 201,
  "desired_forward_velocity": 0.3,
  "desired_lateral_velocity": 0.0,
  "kp_forward": 6.0,
  "kp_lateral": 6.0,
  "max_forward_command": 2.0,
  "max_lateral_command": 2.0,
  "dvl_forward_index": 0,
  "dvl_forward_sign": 1.0,
  "dvl_lateral_index": 1,
  "dvl_lateral_sign": 1.0,
  "elapsed_wall_clock_time_s": 6.335163999999999,
  "time_source": "wall_clock",
  "dt_source": "wall_clock",
  "mean_dt": 0.033342698947368424,
  "std_dt": 8.848438696030515e-05,
  "dt_fallback_count": 0,
  "initial_pose": {
    "x": 0.0,
    "y": 0.008119369857013226,
    "z": -4.0
  },
  "final_pose": {
    "x": 1.0233228206634521,
    "y": 2.574923515319824,
    "z": -4.0
  },
  "average_dvl_speed_mps": 0.1579491934929328,
  "average_pose_speed": 0.43618357917824335,
  "average_pose_speed_mps": 0.43618357917824335,
  "mean_dvl_forward_velocity_mps": 0.1574094813799788,
  "max_dvl_forward_velocity_mps": 0.26079562306404114,
  "controller_type": "DVLVelocityTrackingController",
  "output_dir": "C:\\Users\\andrea.bedei3\\Desktop\\HoloMotion\\results\\step_02b_dvl_velocity_compensation\\20260514_110222",
  "distance_validation_warnings": [
    "Pose Euclidean displacement is much larger than Pose forward displacement, indicating significant drift."
  ],
  "dvl_pose_sanity_check": {
    "dvl_estimated_distance_m": 1.0006259574467553,
    "pose_forward_displacement_m": 1.0233228206634521,
    "lateral_drift_m": 2.566804145462811,
    "lateral_drift_ratio": 2.508303434295222,
    "opposite_signs": false,
    "warning": ""
  },
  "mean_forward_velocity_error": 0.14259051862002128,
  "std_forward_velocity_error": 0.047948670069040106,
  "mean_lateral_velocity_error": -0.40379321779226834,
  "std_lateral_velocity_error": 0.14802324257551894,
  "mean_abs_lateral_velocity_error": 0.40379321779226834,
  "max_abs_lateral_velocity_error": 0.5893948078155518,
  "mean_command_effort": 4.011531823505709,
  "max_command_effort": 4.945989926384775,
  "target_distance": 1.0,
  "dvl_estimated_distance": 1.0006259574467553,
  "pose_forward_displacement": 1.0233228206634521,
  "pose_euclidean_displacement": 2.763272175601903,
  "longitudinal_error": 0.02332282066345215,
  "absolute_longitudinal_error": 0.02332282066345215,
  "absolute_error": 0.02269686321669684,
  "lateral_drift": 2.566804145462811,
  "final_position_error": 2.5669101026582077,
  "duration": 6.3351128,
  "sample_count": 191,
  "max_dvl_forward_velocity": 0.26079562306404114,
  "mean_dvl_forward_velocity": 0.1574094813799788
}
