{
  "controller_name": "dvl_p_altitude_hold",
  "target_distance": 20.0,
  "desired_altitude": 1.5,
  "current_y": 0.0,
  "repetition": 3,
  "target_reached": true,
  "timeout": false,
  "collision": false,
  "unsafe_altitude": false,
  "invalid_ping_failure": false,
  "runtime_seconds": 82.72346689999995,
  "elapsed_wall_clock_time_s": 88.29938919999995,
  "final_forward_progress": 19.890067353844643,
  "final_forward_error": 0.10993264615535736,
  "final_lateral_drift": 0.07175175845623016,
  "mean_altitude_error": -0.007225465476753057,
  "mean_abs_altitude_error": 0.1384649309873773,
  "rmse_altitude_error": 0.15312001861223218,
  "max_abs_altitude_error": 0.2383519411087036,
  "final_altitude_error": 0.12091922760009766,
  "min_altitude": 1.2739019393920898,
  "max_altitude": 1.7383519411087036,
  "time_inside_altitude_band_percent": 76.47058823529412,
  "time_below_safe_altitude_percent": 0.0,
  "vertical_command_mean_abs": 0.08307937442751864,
  "vertical_command_max_abs": 0.14301116466522215,
  "vertical_saturation_percent": 0.0,
  "notes": "",
  "stop_reason": "target_reached",
  "output_dir": "C:\\Users\\andrea.bedei3\\Desktop\\HoloMotion\\results\\step_03_altitude_hold\\20260515_135217\\target_20m_alt_1p5m_current_y_0_rep_03",
  "sample_count": 2482,
  "altitude_tolerance": 0.2,
  "min_safe_altitude": 0.5,
  "kp_altitude": 0.6,
  "max_vertical_command": 0.8,
  "current_application_calls": 0,
  "mean_dt": 0.033342791979040685,
  "std_dt": 9.391206549797178e-05
}
