{
  "target_distance_m": 10.0,
  "dvl_estimated_distance_m": 10.00166009118831,
  "pose_forward_displacement_m": 10.031607627868652,
  "pose_ground_truth_displacement_m": 10.043914928233564,
  "longitudinal_error_m": 0.031607627868652344,
  "absolute_longitudinal_error_m": 0.031607627868652344,
  "signed_error_m": -0.02994753668034278,
  "absolute_distance_error_m": 0.02994753668034278,
  "percentage_error": 0.2985317786667213,
  "lateral_drift_m": 0.497066882904619,
  "final_position_error_m": 0.4980708064321753,
  "duration_s": 42.0125443,
  "num_samples": 1261,
  "stop_reason": "target_reached",
  "target_reached": true,
  "current_x": 0.0,
  "current_y": 0.5,
  "current_z": 0.0,
  "current_magnitude": 0.5,
  "current_application_mode": "every_step",
  "current_application_calls": 1271,
  "desired_forward_velocity": 0.3,
  "desired_lateral_velocity": 0.0,
  "kp_forward": 20.0,
  "kp_lateral": 12.0,
  "max_forward_command": 2.0,
  "max_lateral_command": 2.0,
  "max_thruster_command": 2.0,
  "final_clipping_applied": true,
  "dvl_forward_index": 0,
  "dvl_forward_sign": 1.0,
  "dvl_lateral_index": 1,
  "dvl_lateral_sign": 1.0,
  "elapsed_wall_clock_time_s": 42.01263240000003,
  "time_source": "wall_clock",
  "dt_source": "wall_clock",
  "mean_dt": 0.03334328912698413,
  "std_dt": 9.029495749942792e-05,
  "dt_fallback_count": 0,
  "initial_pose": {
    "x": 0.0,
    "y": 0.002058895770460367,
    "z": -4.0
  },
  "final_pose": {
    "x": 10.031607627868652,
    "y": 0.49912577867507935,
    "z": -4.0
  },
  "average_dvl_speed_mps": 0.23806366069546303,
  "average_pose_speed": 0.23906942784785265,
  "average_pose_speed_mps": 0.23906942784785265,
  "mean_dvl_forward_velocity_mps": 0.23791081452052404,
  "max_dvl_forward_velocity_mps": 0.3538218140602112,
  "controller_type": "DVLVelocityTrackingController",
  "output_dir": "C:\\Users\\andrea.bedei3\\Desktop\\HoloMotion\\results\\step_02b_compensation_comparison\\20260514_114031\\target_10m_current_y_0p5_rep_01_dvl_velocity_compensation",
  "distance_validation_warnings": [],
  "dvl_pose_sanity_check": {
    "dvl_estimated_distance_m": 10.00166009118831,
    "pose_forward_displacement_m": 10.031607627868652,
    "lateral_drift_m": 0.497066882904619,
    "lateral_drift_ratio": 0.04955007226595718,
    "opposite_signs": false,
    "warning": ""
  },
  "velocity_tracking_metric_sample_count": 1260,
  "mean_forward_velocity_error": 0.061939409937680004,
  "std_forward_velocity_error": 0.041425944854420485,
  "mean_lateral_velocity_error": -0.011533145538097804,
  "std_lateral_velocity_error": 0.036586452575143306,
  "mean_abs_lateral_velocity_error": 0.03045890571596944,
  "max_abs_lateral_velocity_error": 0.11801539361476898,
  "mean_command_effort": 2.4765362507591795,
  "max_command_effort": 3.999604149856697,
  "target_distance": 10.0,
  "dvl_estimated_distance": 10.00166009118831,
  "pose_forward_displacement": 10.031607627868652,
  "pose_euclidean_displacement": 10.043914928233564,
  "longitudinal_error": 0.031607627868652344,
  "absolute_longitudinal_error": 0.031607627868652344,
  "absolute_error": 0.02994753668034278,
  "lateral_drift": 0.497066882904619,
  "final_position_error": 0.4980708064321753,
  "duration": 42.0125443,
  "sample_count": 1261,
  "max_dvl_forward_velocity": 0.3538218140602112,
  "mean_dvl_forward_velocity": 0.23791081452052404
}
