{
  "target_distance_m": 10.0,
  "dvl_estimated_distance_m": 10.00076443835186,
  "pose_forward_displacement_m": 9.915731430053711,
  "pose_ground_truth_displacement_m": 9.926779802294341,
  "longitudinal_error_m": -0.08426856994628906,
  "absolute_longitudinal_error_m": 0.08426856994628906,
  "signed_error_m": 0.08503300829814897,
  "absolute_distance_error_m": 0.08503300829814897,
  "percentage_error": 0.8575565897279286,
  "lateral_drift_m": 0.4682173109613359,
  "final_position_error_m": 0.47574009938689943,
  "duration_s": 27.277373600000033,
  "num_samples": 819,
  "stop_reason": "target_reached",
  "target_reached": true,
  "current_x": 0.0,
  "current_y": 0.5,
  "current_z": 0.0,
  "current_magnitude": 0.5,
  "current_application_mode": "every_step",
  "current_application_calls": 829,
  "desired_forward_velocity": 0.5,
  "desired_lateral_velocity": 0.0,
  "kp_forward": 20.0,
  "kp_lateral": 12.0,
  "max_forward_command": 2.0,
  "max_lateral_command": 2.0,
  "max_thruster_command": 2.0,
  "final_clipping_applied": true,
  "dvl_forward_index": 0,
  "dvl_forward_sign": 1.0,
  "dvl_lateral_index": 1,
  "dvl_lateral_sign": 1.0,
  "elapsed_wall_clock_time_s": 27.27746520000005,
  "time_source": "wall_clock",
  "dt_source": "wall_clock",
  "mean_dt": 0.03334642249388757,
  "std_dt": 0.0001796838127109585,
  "dt_fallback_count": 0,
  "initial_pose": {
    "x": 0.0,
    "y": 0.002058895770460367,
    "z": -4.0
  },
  "final_pose": {
    "x": 9.915731430053711,
    "y": 0.47027620673179626,
    "z": -4.0
  },
  "average_dvl_speed_mps": 0.3666322346500342,
  "average_pose_speed": 0.3639199267444989,
  "average_pose_speed_mps": 0.3639199267444989,
  "mean_dvl_forward_velocity_mps": 0.36622371939062087,
  "max_dvl_forward_velocity_mps": 0.4731637239456177,
  "controller_type": "DVLVelocityTrackingController",
  "output_dir": "C:\\Users\\andrea.bedei3\\Desktop\\HoloMotion\\results\\step_02c_pi_compensation_comparison\\20260515_111553\\target_10m_current_y_0p5_rep_03_dvl_velocity_compensation",
  "distance_validation_warnings": [],
  "dvl_pose_sanity_check": {
    "dvl_estimated_distance_m": 10.00076443835186,
    "pose_forward_displacement_m": 9.915731430053711,
    "lateral_drift_m": 0.4682173109613359,
    "lateral_drift_ratio": 0.04721964428586784,
    "opposite_signs": false,
    "warning": ""
  },
  "velocity_tracking_metric_sample_count": 818,
  "mean_forward_velocity_error": 0.1333702468326939,
  "std_forward_velocity_error": 0.05716379079979136,
  "mean_lateral_velocity_error": -0.017035057993068772,
  "std_lateral_velocity_error": 0.038416889848559774,
  "mean_abs_lateral_velocity_error": 0.03328889336603925,
  "max_abs_lateral_velocity_error": 0.13513308763504028,
  "mean_command_effort": 3.5082188296923302,
  "max_command_effort": 3.999714626743604,
  "target_distance": 10.0,
  "dvl_estimated_distance": 10.00076443835186,
  "pose_forward_displacement": 9.915731430053711,
  "pose_euclidean_displacement": 9.926779802294341,
  "longitudinal_error": -0.08426856994628906,
  "absolute_longitudinal_error": 0.08426856994628906,
  "absolute_error": 0.08503300829814897,
  "lateral_drift": 0.4682173109613359,
  "final_position_error": 0.47574009938689943,
  "duration": 27.277373600000033,
  "sample_count": 819,
  "max_dvl_forward_velocity": 0.4731637239456177,
  "mean_dvl_forward_velocity": 0.36622371939062087
}
