{
  "target_distance_m": 5.0,
  "dvl_estimated_distance_m": 5.008966711169859,
  "pose_forward_displacement_m": 4.977533340454102,
  "pose_ground_truth_displacement_m": 5.053813244719349,
  "longitudinal_error_m": -0.022466659545898438,
  "absolute_longitudinal_error_m": 0.022466659545898438,
  "signed_error_m": 0.03143337071575747,
  "absolute_distance_error_m": 0.03143337071575747,
  "percentage_error": 0.6315049757735987,
  "lateral_drift_m": 0.8747514830902219,
  "final_position_error_m": 0.8750399464936981,
  "duration_s": 15.604667199999994,
  "num_samples": 469,
  "stop_reason": "target_reached",
  "target_reached": true,
  "current_x": 0.0,
  "current_y": 1.0,
  "current_z": 0.0,
  "current_magnitude": 1.0,
  "current_application_mode": "every_step",
  "current_application_calls": 479,
  "desired_forward_velocity": 0.5,
  "desired_lateral_velocity": 0.0,
  "kp_forward": 20.0,
  "kp_lateral": 12.0,
  "max_forward_command": 2.0,
  "max_lateral_command": 2.0,
  "max_thruster_command": 2.0,
  "final_clipping_applied": true,
  "dvl_forward_index": 0,
  "dvl_forward_sign": 1.0,
  "dvl_lateral_index": 1,
  "dvl_lateral_sign": 1.0,
  "elapsed_wall_clock_time_s": 15.604791699999993,
  "time_source": "wall_clock",
  "dt_source": "wall_clock",
  "mean_dt": 0.03334330598290597,
  "std_dt": 0.00010272924336776497,
  "dt_fallback_count": 0,
  "initial_pose": {
    "x": 0.0,
    "y": 0.008119369857013226,
    "z": -4.0
  },
  "final_pose": {
    "x": 4.977533340454102,
    "y": 0.8828708529472351,
    "z": -4.0
  },
  "average_dvl_speed_mps": 0.32099157559540015,
  "average_pose_speed": 0.3238654935697283,
  "average_pose_speed_mps": 0.3238654935697283,
  "mean_dvl_forward_velocity_mps": 0.3203446940600332,
  "max_dvl_forward_velocity_mps": 0.4484269320964813,
  "controller_type": "DVLVelocityTrackingController",
  "output_dir": "C:\\Users\\andrea.bedei3\\Desktop\\HoloMotion\\results\\step_02b_compensation_comparison\\20260515_103529\\target_5m_current_y_1_rep_02_dvl_velocity_compensation",
  "distance_validation_warnings": [],
  "dvl_pose_sanity_check": {
    "dvl_estimated_distance_m": 5.008966711169859,
    "pose_forward_displacement_m": 4.977533340454102,
    "lateral_drift_m": 0.8747514830902219,
    "lateral_drift_ratio": 0.1757399545636028,
    "opposite_signs": false,
    "warning": ""
  },
  "velocity_tracking_metric_sample_count": 468,
  "mean_forward_velocity_error": 0.17899807583158597,
  "std_forward_velocity_error": 0.05921848439866079,
  "mean_lateral_velocity_error": -0.058929282071045995,
  "std_lateral_velocity_error": 0.03414710124177259,
  "mean_abs_lateral_velocity_error": 0.060217694962336525,
  "max_abs_lateral_velocity_error": 0.15095320343971252,
  "mean_command_effort": 3.3788392625343664,
  "max_command_effort": 3.996475830577757,
  "target_distance": 5.0,
  "dvl_estimated_distance": 5.008966711169859,
  "pose_forward_displacement": 4.977533340454102,
  "pose_euclidean_displacement": 5.053813244719349,
  "longitudinal_error": -0.022466659545898438,
  "absolute_longitudinal_error": 0.022466659545898438,
  "absolute_error": 0.03143337071575747,
  "lateral_drift": 0.8747514830902219,
  "final_position_error": 0.8750399464936981,
  "duration": 15.604667199999994,
  "sample_count": 469,
  "max_dvl_forward_velocity": 0.4484269320964813,
  "mean_dvl_forward_velocity": 0.3203446940600332
}
