{
  "controller_name": "dvl_p_altitude_hold",
  "target_distance": 20.0,
  "desired_altitude": 1.5,
  "current_y": 1.0,
  "repetition": 3,
  "target_reached": true,
  "timeout": false,
  "collision": false,
  "unsafe_altitude": false,
  "invalid_ping_failure": false,
  "runtime_seconds": 85.5583696000001,
  "elapsed_wall_clock_time_s": 91.04041839999991,
  "final_forward_progress": 19.981615552678704,
  "final_forward_error": 0.018384447321295738,
  "final_lateral_drift": 3.6523270355537534,
  "mean_altitude_error": 0.02490158567736945,
  "mean_abs_altitude_error": 0.1532267638111003,
  "rmse_altitude_error": 0.1687505912410416,
  "max_abs_altitude_error": 0.26793384552001953,
  "final_altitude_error": 0.22451138496398926,
  "min_altitude": 1.2320661544799805,
  "max_altitude": 1.7225143909454346,
  "time_inside_altitude_band_percent": 68.56252434748734,
  "time_below_safe_altitude_percent": 0.0,
  "vertical_command_mean_abs": 0.09194037209984295,
  "vertical_command_max_abs": 0.1607603073120117,
  "vertical_saturation_percent": 0.0,
  "notes": "",
  "stop_reason": "target_reached",
  "output_dir": "C:\\Users\\andrea.bedei3\\Desktop\\HoloMotion\\results\\step_03_altitude_hold\\20260515_135217\\target_20m_alt_1p5m_current_y_1_rep_03",
  "sample_count": 2567,
  "altitude_tolerance": 0.2,
  "min_safe_altitude": 0.5,
  "kp_altitude": 0.6,
  "max_vertical_command": 0.8,
  "current_application_calls": 2577,
  "mean_dt": 0.033343090257209704,
  "std_dt": 0.0001133009420049077
}
