{
  "target_distance_m": 10.0,
  "dvl_estimated_distance_m": 10.00812781741116,
  "pose_forward_displacement_m": 10.005187034606934,
  "pose_ground_truth_displacement_m": 10.154128142924463,
  "longitudinal_error_m": 0.005187034606933594,
  "absolute_longitudinal_error_m": 0.005187034606933594,
  "signed_error_m": 0.0029407828042256057,
  "absolute_distance_error_m": 0.0029407828042256057,
  "percentage_error": 0.029392582008249665,
  "lateral_drift_m": 1.7327869879081845,
  "final_position_error_m": 1.7327947514901851,
  "duration_s": 30.608513899999934,
  "num_samples": 919,
  "stop_reason": "target_reached",
  "target_reached": true,
  "current_x": 0.0,
  "current_y": 1.0,
  "current_z": 0.0,
  "current_magnitude": 1.0,
  "current_application_mode": "every_step",
  "current_application_calls": 929,
  "desired_forward_velocity": 0.5,
  "desired_lateral_velocity": 0.0,
  "kp_forward": 20.0,
  "kp_lateral": 12.0,
  "max_forward_command": 2.0,
  "max_lateral_command": 2.0,
  "max_thruster_command": 2.0,
  "final_clipping_applied": true,
  "dvl_forward_index": 0,
  "dvl_forward_sign": 1.0,
  "dvl_lateral_index": 1,
  "dvl_lateral_sign": 1.0,
  "elapsed_wall_clock_time_s": 30.60862350000002,
  "time_source": "wall_clock",
  "dt_source": "wall_clock",
  "mean_dt": 0.03334260773420472,
  "std_dt": 0.00010469332283251156,
  "dt_fallback_count": 0,
  "initial_pose": {
    "x": 0.0,
    "y": 0.008119369857013226,
    "z": -4.0
  },
  "final_pose": {
    "x": 10.005187034606934,
    "y": 1.7409063577651978,
    "z": -4.0
  },
  "average_dvl_speed_mps": 0.3269720264795731,
  "average_pose_speed": 0.3317419518013413,
  "average_pose_speed_mps": 0.3317419518013413,
  "mean_dvl_forward_velocity_mps": 0.3266106955889487,
  "max_dvl_forward_velocity_mps": 0.46399226784706116,
  "controller_type": "DVLVelocityTrackingController",
  "output_dir": "C:\\Users\\andrea.bedei3\\Desktop\\HoloMotion\\results\\step_02b_compensation_comparison\\20260515_103529\\target_10m_current_y_1_rep_02_dvl_velocity_compensation",
  "distance_validation_warnings": [],
  "dvl_pose_sanity_check": {
    "dvl_estimated_distance_m": 10.00812781741116,
    "pose_forward_displacement_m": 10.005187034606934,
    "lateral_drift_m": 1.7327869879081845,
    "lateral_drift_ratio": 0.17318886512712345,
    "opposite_signs": false,
    "warning": ""
  },
  "velocity_tracking_metric_sample_count": 918,
  "mean_forward_velocity_error": 0.17302661904789232,
  "std_forward_velocity_error": 0.05350842919608516,
  "mean_lateral_velocity_error": -0.05906760233264756,
  "std_lateral_velocity_error": 0.038330798890498674,
  "mean_abs_lateral_velocity_error": 0.06123934277381318,
  "max_abs_lateral_velocity_error": 0.18632669746875763,
  "mean_command_effort": 3.3798993075657213,
  "max_command_effort": 3.9981656485810064,
  "target_distance": 10.0,
  "dvl_estimated_distance": 10.00812781741116,
  "pose_forward_displacement": 10.005187034606934,
  "pose_euclidean_displacement": 10.154128142924463,
  "longitudinal_error": 0.005187034606933594,
  "absolute_longitudinal_error": 0.005187034606933594,
  "absolute_error": 0.0029407828042256057,
  "lateral_drift": 1.7327869879081845,
  "final_position_error": 1.7327947514901851,
  "duration": 30.608513899999934,
  "sample_count": 919,
  "max_dvl_forward_velocity": 0.46399226784706116,
  "mean_dvl_forward_velocity": 0.3266106955889487
}
