{
  "target_distance_m": 5.0,
  "dvl_estimated_distance_m": 5.003833765938225,
  "pose_forward_displacement_m": 4.984073638916016,
  "pose_ground_truth_displacement_m": 5.068757974426046,
  "longitudinal_error_m": -0.015926361083984375,
  "absolute_longitudinal_error_m": 0.015926361083984375,
  "signed_error_m": 0.019760127022209417,
  "absolute_distance_error_m": 0.019760127022209417,
  "percentage_error": 0.3964653906379088,
  "lateral_drift_m": 0.9226686106994748,
  "final_position_error_m": 0.9228060544596988,
  "duration_s": 21.605852200000015,
  "num_samples": 649,
  "stop_reason": "target_reached",
  "target_reached": true,
  "current_x": 0.0,
  "current_y": 1.0,
  "current_z": 0.0,
  "current_magnitude": 1.0,
  "current_application_mode": "every_step",
  "current_application_calls": 659,
  "desired_forward_velocity": 0.3,
  "desired_lateral_velocity": 0.0,
  "kp_forward": 20.0,
  "kp_lateral": 12.0,
  "max_forward_command": 2.0,
  "max_lateral_command": 2.0,
  "max_thruster_command": 2.0,
  "final_clipping_applied": true,
  "dvl_forward_index": 0,
  "dvl_forward_sign": 1.0,
  "dvl_lateral_index": 1,
  "dvl_lateral_sign": 1.0,
  "elapsed_wall_clock_time_s": 21.605944599999987,
  "time_source": "wall_clock",
  "dt_source": "wall_clock",
  "mean_dt": 0.03334236450617286,
  "std_dt": 0.00010528757271794696,
  "dt_fallback_count": 0,
  "initial_pose": {
    "x": 0.0,
    "y": 0.008119369857013226,
    "z": -4.0
  },
  "final_pose": {
    "x": 4.984073638916016,
    "y": 0.930787980556488,
    "z": -4.0
  },
  "average_dvl_speed_mps": 0.23159622307969974,
  "average_pose_speed": 0.23460115932969505,
  "average_pose_speed_mps": 0.23460115932969505,
  "mean_dvl_forward_velocity_mps": 0.2312020997650267,
  "max_dvl_forward_velocity_mps": 0.34165284037590027,
  "controller_type": "DVLVelocityTrackingController",
  "output_dir": "C:\\Users\\andrea.bedei3\\Desktop\\HoloMotion\\results\\step_02b_compensation_comparison\\20260514_114031\\target_5m_current_y_1_rep_03_dvl_velocity_compensation",
  "distance_validation_warnings": [],
  "dvl_pose_sanity_check": {
    "dvl_estimated_distance_m": 5.003833765938225,
    "pose_forward_displacement_m": 4.984073638916016,
    "lateral_drift_m": 0.9226686106994748,
    "lateral_drift_ratio": 0.18512339053243718,
    "opposite_signs": false,
    "warning": ""
  },
  "velocity_tracking_metric_sample_count": 648,
  "mean_forward_velocity_error": 0.06840863601638027,
  "std_forward_velocity_error": 0.04334493740924258,
  "mean_lateral_velocity_error": -0.04248120189794587,
  "std_lateral_velocity_error": 0.036702058894834834,
  "mean_abs_lateral_velocity_error": 0.04729019830568929,
  "max_abs_lateral_velocity_error": 0.15572331845760345,
  "mean_command_effort": 2.679742662056007,
  "max_command_effort": 3.994232755755227,
  "target_distance": 5.0,
  "dvl_estimated_distance": 5.003833765938225,
  "pose_forward_displacement": 4.984073638916016,
  "pose_euclidean_displacement": 5.068757974426046,
  "longitudinal_error": -0.015926361083984375,
  "absolute_longitudinal_error": 0.015926361083984375,
  "absolute_error": 0.019760127022209417,
  "lateral_drift": 0.9226686106994748,
  "final_position_error": 0.9228060544596988,
  "duration": 21.605852200000015,
  "sample_count": 649,
  "max_dvl_forward_velocity": 0.34165284037590027,
  "mean_dvl_forward_velocity": 0.2312020997650267
}
