{
  "target_distance_m": 20.0,
  "dvl_estimated_distance_m": 20.002897793089094,
  "pose_forward_displacement_m": 19.974605560302734,
  "pose_ground_truth_displacement_m": 20.07381307143089,
  "longitudinal_error_m": -0.025394439697265625,
  "absolute_longitudinal_error_m": 0.025394439697265625,
  "signed_error_m": 0.028292232786359506,
  "absolute_distance_error_m": 0.028292232786359506,
  "percentage_error": 0.14164100863441886,
  "lateral_drift_m": 1.993264643009752,
  "final_position_error_m": 1.9934264006078408,
  "duration_s": 46.88350710000009,
  "num_samples": 1407,
  "stop_reason": "target_reached",
  "target_reached": true,
  "forward_command": 2.0,
  "forward_command_vector": [
    0.0,
    0.0,
    0.0,
    0.0,
    2.0,
    2.0,
    2.0,
    2.0
  ],
  "old_forward_command_default": 12.0,
  "new_forward_command_default": 2.0,
  "dvl_forward_index": 0,
  "dvl_forward_sign": 1.0,
  "warmup_ticks": 10,
  "elapsed_wall_clock_time_s": 46.883603800000174,
  "time_source": "wall_clock",
  "dt_source": "wall_clock",
  "mean_dt": 0.033345310881934626,
  "std_dt": 0.00010481082770459106,
  "dt_fallback_count": 0,
  "speed_warning_threshold_mps": 1.0,
  "max_dvl_speed_warning_threshold_mps": 1.5,
  "mean_dvl_forward_velocity_mps": 0.4263771670561366,
  "max_dvl_forward_velocity_mps": 0.5601153373718262,
  "average_dvl_speed_mps": 0.4266510555710764,
  "average_pose_speed_mps": 0.4281636403312254,
  "mean_speed_mps": 0.4281636403312254,
  "initial_pose": {
    "x": 0.0,
    "y": 0.002058895770460367,
    "z": -4.0
  },
  "final_pose": {
    "x": 19.974605560302734,
    "y": 1.9953235387802124,
    "z": -4.0
  },
  "distance_validation_warnings": [],
  "diagnostic_distance_check": false,
  "experiment_label": "Step 2 current-distance grid",
  "current_x": 0.0,
  "current_y": 0.5,
  "current_z": 0.0,
  "current_magnitude": 0.5,
  "current_api_method": "env.set_ocean_currents(agent_name, velocity)",
  "current_application_mode": "every_step",
  "current_application_calls": 1417,
  "final_lateral_offset": 1.993264643009752,
  "summary_title": "Step 2 current-distance grid run summary",
  "output_dir": "C:\\Users\\andrea.bedei3\\Desktop\\HoloMotion\\results\\step_02_current_distance_grid\\20260514_101153\\target_20m_current_x_0_y_0p5_z_0_rep_01",
  "dvl_pose_sanity_check": {
    "dvl_estimated_distance_m": 20.002897793089094,
    "pose_forward_displacement_m": 19.974605560302734,
    "lateral_drift_m": 1.993264643009752,
    "lateral_drift_ratio": 0.09978993762816221,
    "opposite_signs": false,
    "warning": ""
  },
  "current_warning": "",
  "target_distance": 20.0,
  "dvl_estimated_distance": 20.002897793089094,
  "pose_forward_displacement": 19.974605560302734,
  "pose_euclidean_displacement": 20.07381307143089,
  "longitudinal_error": -0.025394439697265625,
  "absolute_longitudinal_error": 0.025394439697265625,
  "absolute_error": 0.028292232786359506,
  "lateral_drift": 1.993264643009752,
  "final_position_error": 1.9934264006078408,
  "duration": 46.88350710000009,
  "sample_count": 1407,
  "average_pose_speed": 0.4281636403312254,
  "max_dvl_forward_velocity": 0.5601153373718262,
  "mean_dvl_forward_velocity": 0.4263771670561366
}
