{
  "target_distance_m": 10.0,
  "dvl_estimated_distance_m": 10.009255925233543,
  "pose_forward_displacement_m": 10.02284049987793,
  "pose_ground_truth_displacement_m": 10.174733923586023,
  "longitudinal_error_m": 0.022840499877929688,
  "absolute_longitudinal_error_m": 0.022840499877929688,
  "signed_error_m": -0.013584574644387004,
  "absolute_distance_error_m": 0.013584574644387004,
  "percentage_error": 0.1355361750449132,
  "lateral_drift_m": 1.7515361057594419,
  "final_position_error_m": 1.751685022546469,
  "duration_s": 30.541716700000052,
  "num_samples": 917,
  "stop_reason": "target_reached",
  "target_reached": true,
  "current_x": 0.0,
  "current_y": 1.0,
  "current_z": 0.0,
  "current_magnitude": 1.0,
  "current_application_mode": "every_step",
  "current_application_calls": 927,
  "desired_forward_velocity": 0.5,
  "desired_lateral_velocity": 0.0,
  "kp_forward": 20.0,
  "kp_lateral": 12.0,
  "max_forward_command": 2.0,
  "max_lateral_command": 2.0,
  "max_thruster_command": 2.0,
  "final_clipping_applied": true,
  "dvl_forward_index": 0,
  "dvl_forward_sign": 1.0,
  "dvl_lateral_index": 1,
  "dvl_lateral_sign": 1.0,
  "elapsed_wall_clock_time_s": 30.541824599999927,
  "time_source": "wall_clock",
  "dt_source": "wall_clock",
  "mean_dt": 0.033342485480349404,
  "std_dt": 9.956286188878428e-05,
  "dt_fallback_count": 0,
  "initial_pose": {
    "x": 0.0,
    "y": 0.008119369857013226,
    "z": -4.0
  },
  "final_pose": {
    "x": 10.02284049987793,
    "y": 1.759655475616455,
    "z": -4.0
  },
  "average_dvl_speed_mps": 0.3277240773185983,
  "average_pose_speed": 0.3331421748007376,
  "average_pose_speed_mps": 0.3331421748007376,
  "mean_dvl_forward_velocity_mps": 0.3273762480570095,
  "max_dvl_forward_velocity_mps": 0.44339117407798767,
  "controller_type": "DVLVelocityTrackingController",
  "output_dir": "C:\\Users\\andrea.bedei3\\Desktop\\HoloMotion\\results\\step_02c_pi_compensation_comparison\\20260515_111553\\target_10m_current_y_1_rep_03_dvl_velocity_compensation",
  "distance_validation_warnings": [],
  "dvl_pose_sanity_check": {
    "dvl_estimated_distance_m": 10.009255925233543,
    "pose_forward_displacement_m": 10.02284049987793,
    "lateral_drift_m": 1.7515361057594419,
    "lateral_drift_ratio": 0.174754462647667,
    "opposite_signs": false,
    "warning": ""
  },
  "velocity_tracking_metric_sample_count": 916,
  "mean_forward_velocity_error": 0.1722754803872525,
  "std_forward_velocity_error": 0.05055330587869853,
  "mean_lateral_velocity_error": -0.05823207122396259,
  "std_lateral_velocity_error": 0.03646154339674502,
  "mean_abs_lateral_velocity_error": 0.05996168370719076,
  "max_abs_lateral_velocity_error": 0.1871834397315979,
  "mean_command_effort": 3.384582854312899,
  "max_command_effort": 3.985236203453066,
  "target_distance": 10.0,
  "dvl_estimated_distance": 10.009255925233543,
  "pose_forward_displacement": 10.02284049987793,
  "pose_euclidean_displacement": 10.174733923586023,
  "longitudinal_error": 0.022840499877929688,
  "absolute_longitudinal_error": 0.022840499877929688,
  "absolute_error": 0.013584574644387004,
  "lateral_drift": 1.7515361057594419,
  "final_position_error": 1.751685022546469,
  "duration": 30.541716700000052,
  "sample_count": 917,
  "max_dvl_forward_velocity": 0.44339117407798767,
  "mean_dvl_forward_velocity": 0.3273762480570095
}
