{
  "controller_name": "dvl_p_altitude_hold",
  "target_distance": 20.0,
  "desired_altitude": 1.5,
  "current_y": 0.0,
  "repetition": 2,
  "target_reached": true,
  "timeout": false,
  "collision": false,
  "unsafe_altitude": false,
  "invalid_ping_failure": false,
  "runtime_seconds": 82.69100049999997,
  "elapsed_wall_clock_time_s": 88.21654160000003,
  "final_forward_progress": 19.97981204651296,
  "final_forward_error": 0.020187953487038612,
  "final_lateral_drift": 0.00014648529759142548,
  "mean_altitude_error": -0.006758908070368615,
  "mean_abs_altitude_error": 0.13815523207740216,
  "rmse_altitude_error": 0.15286388553615032,
  "max_abs_altitude_error": 0.2414780855178833,
  "final_altitude_error": 0.12570428848266602,
  "min_altitude": 1.2777303457260132,
  "max_altitude": 1.7414780855178833,
  "time_inside_altitude_band_percent": 76.46110439338976,
  "time_below_safe_altitude_percent": 0.0,
  "vertical_command_mean_abs": 0.08289348032205335,
  "vertical_command_max_abs": 0.14488685131072998,
  "vertical_saturation_percent": 0.0,
  "notes": "",
  "stop_reason": "target_reached",
  "output_dir": "C:\\Users\\andrea.bedei3\\Desktop\\HoloMotion\\results\\step_03_altitude_hold\\20260515_135217\\target_20m_alt_1p5m_current_y_0_rep_02",
  "sample_count": 2481,
  "altitude_tolerance": 0.2,
  "min_safe_altitude": 0.5,
  "kp_altitude": 0.6,
  "max_vertical_command": 0.8,
  "current_application_calls": 0,
  "mean_dt": 0.03334314536290321,
  "std_dt": 0.00010176233638983957
}
