{
  "controller_name": "dvl_p_altitude_hold",
  "target_distance": 5.0,
  "desired_altitude": 1.5,
  "current_y": 0.5,
  "repetition": 3,
  "target_reached": true,
  "timeout": false,
  "collision": false,
  "unsafe_altitude": false,
  "invalid_ping_failure": false,
  "runtime_seconds": 21.239098000000013,
  "elapsed_wall_clock_time_s": 26.81121490000001,
  "final_forward_progress": 5.038152694702148,
  "final_forward_error": -0.03815269470214844,
  "final_lateral_drift": 0.23938819533213973,
  "mean_altitude_error": 0.15867641166459803,
  "mean_abs_altitude_error": 0.17510000403771953,
  "rmse_altitude_error": 0.1853022236867527,
  "max_abs_altitude_error": 0.23915600776672363,
  "final_altitude_error": 0.17730534076690674,
  "min_altitude": 1.2608439922332764,
  "max_altitude": 1.6362433433532715,
  "time_inside_altitude_band_percent": 57.210031347962385,
  "time_below_safe_altitude_percent": 0.0,
  "vertical_command_mean_abs": 0.10509660210302524,
  "vertical_command_max_abs": 0.14349360466003416,
  "vertical_saturation_percent": 0.0,
  "notes": "",
  "stop_reason": "target_reached",
  "output_dir": "C:\\Users\\andrea.bedei3\\Desktop\\HoloMotion\\results\\step_03_altitude_hold\\20260515_135217\\target_5m_alt_1p5m_current_y_0p5_rep_03",
  "sample_count": 638,
  "altitude_tolerance": 0.2,
  "min_safe_altitude": 0.5,
  "kp_altitude": 0.6,
  "max_vertical_command": 0.8,
  "current_application_calls": 648,
  "mean_dt": 0.03334238304552592,
  "std_dt": 9.890810314684481e-05
}
