{
  "target_distance_m": 5.0,
  "dvl_estimated_distance_m": 5.003792615212021,
  "pose_forward_displacement_m": 4.979223251342773,
  "pose_ground_truth_displacement_m": 5.003717140292959,
  "longitudinal_error_m": -0.020776748657226562,
  "absolute_longitudinal_error_m": 0.020776748657226562,
  "signed_error_m": 0.02456936386924724,
  "absolute_distance_error_m": 0.02456936386924724,
  "percentage_error": 0.49343768353068906,
  "lateral_drift_m": 0.49449068075045943,
  "final_position_error_m": 0.494926971010692,
  "duration_s": 12.336769500000003,
  "num_samples": 371,
  "stop_reason": "target_reached",
  "target_reached": true,
  "forward_command": 2.0,
  "forward_command_vector": [
    0.0,
    0.0,
    0.0,
    0.0,
    2.0,
    2.0,
    2.0,
    2.0
  ],
  "old_forward_command_default": 12.0,
  "new_forward_command_default": 2.0,
  "dvl_forward_index": 0,
  "dvl_forward_sign": 1.0,
  "warmup_ticks": 10,
  "elapsed_wall_clock_time_s": 12.336850499999997,
  "time_source": "wall_clock",
  "dt_source": "wall_clock",
  "mean_dt": 0.033342620270270275,
  "std_dt": 8.91607348738779e-05,
  "dt_fallback_count": 0,
  "speed_warning_threshold_mps": 1.0,
  "max_dvl_speed_warning_threshold_mps": 1.5,
  "mean_dvl_forward_velocity_mps": 0.4043990555708861,
  "max_dvl_forward_velocity_mps": 0.5258249044418335,
  "average_dvl_speed_mps": 0.405599911322978,
  "average_pose_speed_mps": 0.40559379343943797,
  "mean_speed_mps": 0.40559379343943797,
  "initial_pose": {
    "x": 0.0,
    "y": 0.002058895770460367,
    "z": -4.0
  },
  "final_pose": {
    "x": 4.979223251342773,
    "y": 0.4965495765209198,
    "z": -4.0
  },
  "distance_validation_warnings": [],
  "diagnostic_distance_check": false,
  "experiment_label": "Step 2 current-distance grid",
  "current_x": 0.0,
  "current_y": 0.5,
  "current_z": 0.0,
  "current_magnitude": 0.5,
  "current_api_method": "env.set_ocean_currents(agent_name, velocity)",
  "current_application_mode": "every_step",
  "current_application_calls": 381,
  "final_lateral_offset": 0.49449068075045943,
  "summary_title": "Step 2 current-distance grid run summary",
  "output_dir": "C:\\Users\\andrea.bedei3\\Desktop\\HoloMotion\\results\\step_02_current_distance_grid\\20260514_101153\\target_5m_current_x_0_y_0p5_z_0_rep_02",
  "dvl_pose_sanity_check": {
    "dvl_estimated_distance_m": 5.003792615212021,
    "pose_forward_displacement_m": 4.979223251342773,
    "lateral_drift_m": 0.49449068075045943,
    "lateral_drift_ratio": 0.09931080728647937,
    "opposite_signs": false,
    "warning": ""
  },
  "current_warning": "",
  "target_distance": 5.0,
  "dvl_estimated_distance": 5.003792615212021,
  "pose_forward_displacement": 4.979223251342773,
  "pose_euclidean_displacement": 5.003717140292959,
  "longitudinal_error": -0.020776748657226562,
  "absolute_longitudinal_error": 0.020776748657226562,
  "absolute_error": 0.02456936386924724,
  "lateral_drift": 0.49449068075045943,
  "final_position_error": 0.494926971010692,
  "duration": 12.336769500000003,
  "sample_count": 371,
  "average_pose_speed": 0.40559379343943797,
  "max_dvl_forward_velocity": 0.5258249044418335,
  "mean_dvl_forward_velocity": 0.4043990555708861
}
