{
  "controller_name": "dvl_p_altitude_hold",
  "target_distance": 10.0,
  "desired_altitude": 1.5,
  "current_y": 0.0,
  "repetition": 3,
  "target_reached": true,
  "timeout": false,
  "collision": false,
  "unsafe_altitude": false,
  "invalid_ping_failure": false,
  "runtime_seconds": 41.57767799999999,
  "elapsed_wall_clock_time_s": 47.104226400000016,
  "final_forward_progress": 10.012990951538086,
  "final_forward_error": -0.012990951538085938,
  "final_lateral_drift": 0.04957810416817665,
  "mean_altitude_error": 0.11540677322027011,
  "mean_abs_altitude_error": 0.12558496743440628,
  "rmse_altitude_error": 0.14121726670594517,
  "max_abs_altitude_error": 0.22373807430267334,
  "final_altitude_error": -0.04142582416534424,
  "min_altitude": 1.2762619256973267,
  "max_altitude": 1.6367454528808594,
  "time_inside_altitude_band_percent": 83.89423076923077,
  "time_below_safe_altitude_percent": 0.0,
  "vertical_command_mean_abs": 0.07534561053981949,
  "vertical_command_max_abs": 0.134242844581604,
  "vertical_saturation_percent": 0.0,
  "notes": "",
  "stop_reason": "target_reached",
  "output_dir": "C:\\Users\\andrea.bedei3\\Desktop\\HoloMotion\\results\\step_03_altitude_hold\\20260515_135217\\target_10m_alt_1p5m_current_y_0_rep_03",
  "sample_count": 1248,
  "altitude_tolerance": 0.2,
  "min_safe_altitude": 0.5,
  "kp_altitude": 0.6,
  "max_vertical_command": 0.8,
  "current_application_calls": 0,
  "mean_dt": 0.033342163592622286,
  "std_dt": 0.00014886594015149214
}
