{
  "target_distance_m": 10.0,
  "dvl_estimated_distance_m": 10.012958293037263,
  "pose_forward_displacement_m": 10.028130531311035,
  "pose_ground_truth_displacement_m": 10.497513051189163,
  "longitudinal_error_m": 0.028130531311035156,
  "absolute_longitudinal_error_m": 0.028130531311035156,
  "signed_error_m": -0.01517223827377201,
  "absolute_distance_error_m": 0.01517223827377201,
  "percentage_error": 0.1512967768658318,
  "lateral_drift_m": 3.103929494507611,
  "final_position_error_m": 3.1040569636632176,
  "duration_s": 25.006708300000014,
  "num_samples": 751,
  "stop_reason": "target_reached",
  "target_reached": true,
  "forward_command": 2.0,
  "forward_command_vector": [
    0.0,
    0.0,
    0.0,
    0.0,
    2.0,
    2.0,
    2.0,
    2.0
  ],
  "old_forward_command_default": 12.0,
  "new_forward_command_default": 2.0,
  "dvl_forward_index": 0,
  "dvl_forward_sign": 1.0,
  "warmup_ticks": 10,
  "elapsed_wall_clock_time_s": 25.00683349999997,
  "time_source": "wall_clock",
  "dt_source": "wall_clock",
  "mean_dt": 0.03334227773333335,
  "std_dt": 9.956395290273031e-05,
  "dt_fallback_count": 0,
  "speed_warning_threshold_mps": 1.0,
  "max_dvl_speed_warning_threshold_mps": 1.5,
  "mean_dvl_forward_velocity_mps": 0.3998982670013799,
  "max_dvl_forward_velocity_mps": 0.5119667053222656,
  "average_dvl_speed_mps": 0.40041088866691255,
  "average_pose_speed_mps": 0.4197878795262772,
  "mean_speed_mps": 0.4197878795262772,
  "initial_pose": {
    "x": 0.0,
    "y": 0.008119369857013226,
    "z": -4.0
  },
  "final_pose": {
    "x": 10.028130531311035,
    "y": 3.112048864364624,
    "z": -4.0
  },
  "distance_validation_warnings": [],
  "diagnostic_distance_check": false,
  "experiment_label": "Step 2 current-distance grid",
  "current_x": 0.0,
  "current_y": 1.0,
  "current_z": 0.0,
  "current_magnitude": 1.0,
  "current_api_method": "env.set_ocean_currents(agent_name, velocity)",
  "current_application_mode": "every_step",
  "current_application_calls": 761,
  "final_lateral_offset": 3.103929494507611,
  "summary_title": "Step 2 current-distance grid run summary",
  "output_dir": "C:\\Users\\andrea.bedei3\\Desktop\\HoloMotion\\results\\step_02_current_distance_grid\\20260514_101153\\target_10m_current_x_0_y_1_z_0_rep_03",
  "dvl_pose_sanity_check": {
    "dvl_estimated_distance_m": 10.012958293037263,
    "pose_forward_displacement_m": 10.028130531311035,
    "lateral_drift_m": 3.103929494507611,
    "lateral_drift_ratio": 0.30952224692490277,
    "opposite_signs": false,
    "warning": ""
  },
  "current_warning": "",
  "target_distance": 10.0,
  "dvl_estimated_distance": 10.012958293037263,
  "pose_forward_displacement": 10.028130531311035,
  "pose_euclidean_displacement": 10.497513051189163,
  "longitudinal_error": 0.028130531311035156,
  "absolute_longitudinal_error": 0.028130531311035156,
  "absolute_error": 0.01517223827377201,
  "lateral_drift": 3.103929494507611,
  "final_position_error": 3.1040569636632176,
  "duration": 25.006708300000014,
  "sample_count": 751,
  "average_pose_speed": 0.4197878795262772,
  "max_dvl_forward_velocity": 0.5119667053222656,
  "mean_dvl_forward_velocity": 0.3998982670013799
}
