{
  "target_distance_m": 10.0,
  "dvl_estimated_distance_m": 10.001272922734632,
  "pose_forward_displacement_m": 10.077170372009277,
  "pose_ground_truth_displacement_m": 10.229218139217735,
  "longitudinal_error_m": 0.07717037200927734,
  "absolute_longitudinal_error_m": 0.07717037200927734,
  "signed_error_m": -0.07589744927464537,
  "absolute_distance_error_m": 0.07589744927464537,
  "percentage_error": 0.7531623111727965,
  "lateral_drift_m": 1.7571400152519345,
  "final_position_error_m": 1.7588337896218673,
  "duration_s": 30.709746400000085,
  "num_samples": 922,
  "stop_reason": "target_reached",
  "target_reached": true,
  "current_x": 0.0,
  "current_y": 1.0,
  "current_z": 0.0,
  "current_magnitude": 1.0,
  "current_application_mode": "every_step",
  "current_application_calls": 932,
  "desired_forward_velocity": 0.5,
  "desired_lateral_velocity": 0.0,
  "kp_forward": 20.0,
  "kp_lateral": 12.0,
  "max_forward_command": 2.0,
  "max_lateral_command": 2.0,
  "max_thruster_command": 2.0,
  "final_clipping_applied": true,
  "dvl_forward_index": 0,
  "dvl_forward_sign": 1.0,
  "dvl_lateral_index": 1,
  "dvl_lateral_sign": 1.0,
  "elapsed_wall_clock_time_s": 30.709890100000166,
  "time_source": "wall_clock",
  "dt_source": "wall_clock",
  "mean_dt": 0.03334391574375688,
  "std_dt": 0.0001277165554918405,
  "dt_fallback_count": 0,
  "initial_pose": {
    "x": 0.0,
    "y": 0.008119369857013226,
    "z": -4.0
  },
  "final_pose": {
    "x": 10.077170372009277,
    "y": 1.7652593851089478,
    "z": -4.0
  },
  "average_dvl_speed_mps": 0.32567097078778234,
  "average_pose_speed": 0.3330935399459276,
  "average_pose_speed_mps": 0.3330935399459276,
  "mean_dvl_forward_velocity_mps": 0.3253244509897245,
  "max_dvl_forward_velocity_mps": 0.43876585364341736,
  "controller_type": "DVLVelocityTrackingController",
  "output_dir": "C:\\Users\\andrea.bedei3\\Desktop\\HoloMotion\\results\\step_02c_pi_compensation_comparison\\20260515_111553\\target_10m_current_y_1_rep_01_dvl_velocity_compensation",
  "distance_validation_warnings": [],
  "dvl_pose_sanity_check": {
    "dvl_estimated_distance_m": 10.001272922734632,
    "pose_forward_displacement_m": 10.077170372009277,
    "lateral_drift_m": 1.7571400152519345,
    "lateral_drift_ratio": 0.17436839414094177,
    "opposite_signs": false,
    "warning": ""
  },
  "velocity_tracking_metric_sample_count": 921,
  "mean_forward_velocity_error": 0.174326213945844,
  "std_forward_velocity_error": 0.052616529905733164,
  "mean_lateral_velocity_error": -0.0585142305427759,
  "std_lateral_velocity_error": 0.03651487569247456,
  "mean_abs_lateral_velocity_error": 0.060322664839021045,
  "max_abs_lateral_velocity_error": 0.18448156118392944,
  "mean_command_effort": 3.3848368645673688,
  "max_command_effort": 3.9983506234088884,
  "target_distance": 10.0,
  "dvl_estimated_distance": 10.001272922734632,
  "pose_forward_displacement": 10.077170372009277,
  "pose_euclidean_displacement": 10.229218139217735,
  "longitudinal_error": 0.07717037200927734,
  "absolute_longitudinal_error": 0.07717037200927734,
  "absolute_error": 0.07589744927464537,
  "lateral_drift": 1.7571400152519345,
  "final_position_error": 1.7588337896218673,
  "duration": 30.709746400000085,
  "sample_count": 922,
  "max_dvl_forward_velocity": 0.43876585364341736,
  "mean_dvl_forward_velocity": 0.3253244509897245
}
