{
  "controller_name": "dvl_p_altitude_hold",
  "target_distance": 5.0,
  "desired_altitude": 1.5,
  "current_y": 0.0,
  "repetition": 3,
  "target_reached": true,
  "timeout": false,
  "collision": false,
  "unsafe_altitude": false,
  "invalid_ping_failure": false,
  "runtime_seconds": 21.005939399999995,
  "elapsed_wall_clock_time_s": 26.475454299999996,
  "final_forward_progress": 4.989921569824219,
  "final_forward_error": 0.01007843017578125,
  "final_lateral_drift": 0.018734250217676163,
  "mean_altitude_error": 0.14610542416005806,
  "mean_abs_altitude_error": 0.16328678777214087,
  "rmse_altitude_error": 0.17244619181525347,
  "max_abs_altitude_error": 0.22548186779022217,
  "final_altitude_error": 0.1638166904449463,
  "min_altitude": 1.2745181322097778,
  "max_altitude": 1.6367454528808594,
  "time_inside_altitude_band_percent": 71.94928684627575,
  "time_below_safe_altitude_percent": 0.0,
  "vertical_command_mean_abs": 0.09799735012508574,
  "vertical_command_max_abs": 0.1352891206741333,
  "vertical_saturation_percent": 0.0,
  "notes": "",
  "stop_reason": "target_reached",
  "output_dir": "C:\\Users\\andrea.bedei3\\Desktop\\HoloMotion\\results\\step_03_altitude_hold\\20260515_135217\\target_5m_alt_1p5m_current_y_0_rep_03",
  "sample_count": 631,
  "altitude_tolerance": 0.2,
  "min_safe_altitude": 0.5,
  "kp_altitude": 0.6,
  "max_vertical_command": 0.8,
  "current_application_calls": 0,
  "mean_dt": 0.033342760952380944,
  "std_dt": 9.701491261113016e-05
}
