{
  "target_distance_m": 5.0,
  "dvl_estimated_distance_m": 5.009049810645589,
  "pose_forward_displacement_m": 4.992946147918701,
  "pose_ground_truth_displacement_m": 4.99654896030523,
  "longitudinal_error_m": -0.007053852081298828,
  "absolute_longitudinal_error_m": 0.007053852081298828,
  "signed_error_m": 0.01610366272688779,
  "absolute_distance_error_m": 0.01610366272688779,
  "percentage_error": 0.3225282678764835,
  "lateral_drift_m": 0.1897110347636044,
  "final_position_error_m": 0.18984212793861735,
  "duration_s": 12.170801699999998,
  "num_samples": 366,
  "stop_reason": "target_reached",
  "target_reached": true,
  "forward_command": 2.0,
  "forward_command_vector": [
    0.0,
    0.0,
    0.0,
    0.0,
    2.0,
    2.0,
    2.0,
    2.0
  ],
  "old_forward_command_default": 12.0,
  "new_forward_command_default": 2.0,
  "dvl_forward_index": 0,
  "dvl_forward_sign": 1.0,
  "warmup_ticks": 10,
  "elapsed_wall_clock_time_s": 12.170917100000011,
  "time_source": "wall_clock",
  "dt_source": "wall_clock",
  "mean_dt": 0.03334466219178082,
  "std_dt": 0.00012175273210849089,
  "dt_fallback_count": 0,
  "speed_warning_threshold_mps": 1.0,
  "max_dvl_speed_warning_threshold_mps": 1.5,
  "mean_dvl_forward_velocity_mps": 0.4105752702812598,
  "max_dvl_forward_velocity_mps": 0.5505867600440979,
  "average_dvl_speed_mps": 0.4115628480452187,
  "average_pose_speed_mps": 0.4105357299762127,
  "mean_speed_mps": 0.4105357299762127,
  "initial_pose": {
    "x": 0.0,
    "y": 0.0005184407345950603,
    "z": -4.0
  },
  "final_pose": {
    "x": 4.992946147918701,
    "y": 0.19022947549819946,
    "z": -4.0
  },
  "distance_validation_warnings": [],
  "diagnostic_distance_check": false,
  "experiment_label": "Step 2 current-distance grid",
  "current_x": 0.0,
  "current_y": 0.25,
  "current_z": 0.0,
  "current_magnitude": 0.25,
  "current_api_method": "env.set_ocean_currents(agent_name, velocity)",
  "current_application_mode": "every_step",
  "current_application_calls": 376,
  "final_lateral_offset": 0.1897110347636044,
  "summary_title": "Step 2 current-distance grid run summary",
  "output_dir": "C:\\Users\\andrea.bedei3\\Desktop\\HoloMotion\\results\\step_02_current_distance_grid\\20260514_101153\\target_5m_current_x_0_y_0p25_z_0_rep_02",
  "dvl_pose_sanity_check": {
    "dvl_estimated_distance_m": 5.009049810645589,
    "pose_forward_displacement_m": 4.992946147918701,
    "lateral_drift_m": 0.1897110347636044,
    "lateral_drift_ratio": 0.03799581031785913,
    "opposite_signs": false,
    "warning": ""
  },
  "current_warning": "",
  "target_distance": 5.0,
  "dvl_estimated_distance": 5.009049810645589,
  "pose_forward_displacement": 4.992946147918701,
  "pose_euclidean_displacement": 4.99654896030523,
  "longitudinal_error": -0.007053852081298828,
  "absolute_longitudinal_error": 0.007053852081298828,
  "absolute_error": 0.01610366272688779,
  "lateral_drift": 0.1897110347636044,
  "final_position_error": 0.18984212793861735,
  "duration": 12.170801699999998,
  "sample_count": 366,
  "average_pose_speed": 0.4105357299762127,
  "max_dvl_forward_velocity": 0.5505867600440979,
  "mean_dvl_forward_velocity": 0.4105752702812598
}
