{
  "target_distance_m": 5.0,
  "dvl_estimated_distance_m": 5.009778581581251,
  "pose_forward_displacement_m": 4.993185520172119,
  "pose_ground_truth_displacement_m": 5.072160297911464,
  "longitudinal_error_m": -0.006814479827880859,
  "absolute_longitudinal_error_m": 0.006814479827880859,
  "signed_error_m": 0.016593061409131415,
  "absolute_distance_error_m": 0.016593061409131415,
  "percentage_error": 0.33231413778031305,
  "lateral_drift_m": 0.8915763841941953,
  "final_position_error_m": 0.8916024259658113,
  "duration_s": 15.63842440000002,
  "num_samples": 470,
  "stop_reason": "target_reached",
  "target_reached": true,
  "current_x": 0.0,
  "current_y": 1.0,
  "current_z": 0.0,
  "current_magnitude": 1.0,
  "current_application_mode": "every_step",
  "current_application_calls": 480,
  "desired_forward_velocity": 0.5,
  "desired_lateral_velocity": 0.0,
  "kp_forward": 20.0,
  "kp_lateral": 12.0,
  "max_forward_command": 2.0,
  "max_lateral_command": 2.0,
  "max_thruster_command": 2.0,
  "final_clipping_applied": true,
  "dvl_forward_index": 0,
  "dvl_forward_sign": 1.0,
  "dvl_lateral_index": 1,
  "dvl_lateral_sign": 1.0,
  "elapsed_wall_clock_time_s": 15.638694000000044,
  "time_source": "wall_clock",
  "dt_source": "wall_clock",
  "mean_dt": 0.03334418848614076,
  "std_dt": 0.0001434479767822879,
  "dt_fallback_count": 0,
  "initial_pose": {
    "x": 0.0,
    "y": 0.008119369857013226,
    "z": -4.0
  },
  "final_pose": {
    "x": 4.993185520172119,
    "y": 0.8996957540512085,
    "z": -4.0
  },
  "average_dvl_speed_mps": 0.32035059629032986,
  "average_pose_speed": 0.3243395989375667,
  "average_pose_speed_mps": 0.3243395989375667,
  "mean_dvl_forward_velocity_mps": 0.3196593279836382,
  "max_dvl_forward_velocity_mps": 0.4563901424407959,
  "controller_type": "DVLVelocityTrackingController",
  "output_dir": "C:\\Users\\andrea.bedei3\\Desktop\\HoloMotion\\results\\step_02c_pi_compensation_comparison\\20260515_111553\\target_5m_current_y_1_rep_02_dvl_velocity_compensation",
  "distance_validation_warnings": [],
  "dvl_pose_sanity_check": {
    "dvl_estimated_distance_m": 5.009778581581251,
    "pose_forward_displacement_m": 4.993185520172119,
    "lateral_drift_m": 0.8915763841941953,
    "lateral_drift_ratio": 0.17855863368030073,
    "opposite_signs": false,
    "warning": ""
  },
  "velocity_tracking_metric_sample_count": 469,
  "mean_forward_velocity_error": 0.17966190326823864,
  "std_forward_velocity_error": 0.06446880440382916,
  "mean_lateral_velocity_error": -0.05827788964589325,
  "std_lateral_velocity_error": 0.03723650203351696,
  "mean_abs_lateral_velocity_error": 0.060154016474636696,
  "max_abs_lateral_velocity_error": 0.1676682084798813,
  "mean_command_effort": 3.3836487455538165,
  "max_command_effort": 3.996890044330973,
  "target_distance": 5.0,
  "dvl_estimated_distance": 5.009778581581251,
  "pose_forward_displacement": 4.993185520172119,
  "pose_euclidean_displacement": 5.072160297911464,
  "longitudinal_error": -0.006814479827880859,
  "absolute_longitudinal_error": 0.006814479827880859,
  "absolute_error": 0.016593061409131415,
  "lateral_drift": 0.8915763841941953,
  "final_position_error": 0.8916024259658113,
  "duration": 15.63842440000002,
  "sample_count": 470,
  "max_dvl_forward_velocity": 0.4563901424407959,
  "mean_dvl_forward_velocity": 0.3196593279836382
}
