{
  "controller_name": "dvl_p_altitude_hold",
  "target_distance": 20.0,
  "desired_altitude": 3.0,
  "current_y": 0.0,
  "repetition": 0,
  "target_reached": true,
  "timeout": false,
  "collision": false,
  "unsafe_altitude": false,
  "invalid_ping_failure": false,
  "runtime_seconds": 163.6185963,
  "elapsed_wall_clock_time_s": 172.0590798,
  "final_forward_progress": 20.0206298828125,
  "final_forward_error": -0.0206298828125,
  "final_lateral_drift": -0.096221923828125,
  "mean_altitude_error": -3.238378529055097,
  "mean_abs_altitude_error": 3.3510295111859048,
  "rmse_altitude_error": 5.761726650793034,
  "max_abs_altitude_error": 14.566553115844727,
  "final_altitude_error": -0.1323871612548828,
  "min_altitude": 1.781356692314148,
  "max_altitude": 17.566553115844727,
  "estimated_seabed_z_min": -313.0169053077698,
  "estimated_seabed_z_max": -310.56542587280273,
  "estimated_seabed_z_range": 2.451479434967041,
  "estimated_seabed_z_std": 0.5757304695537586,
  "time_inside_altitude_band_percent": 48.98125509372453,
  "time_below_safe_altitude_percent": 0.0,
  "vertical_command_mean_abs": 0.38610232399660044,
  "vertical_command_max_abs": 0.8,
  "vertical_saturation_percent": 37.70124312207051,
  "notes": "",
  "stop_reason": "target_reached",
  "output_dir": "C:\\Users\\andrea.bedei3\\Desktop\\HoloMotion\\results\\step_03_altitude_hold\\20260515_153830",
  "sample_count": 4908,
  "altitude_tolerance": 0.3,
  "min_safe_altitude": 1.0,
  "kp_altitude": 0.6,
  "max_vertical_command": 0.8,
  "current_application_calls": 0,
  "mean_dt": 0.03334391609944976,
  "std_dt": 0.00012066481021044632
}
